ISO-10303-21;
HEADER;
FILE_DESCRIPTION(('STEP AP203'),'1');
FILE_NAME('toggle_switch_1ms1t1b1m1qes.stp','2024-03-30T12:03:09',('TraceParts'),('TraceParts S.A.'),'Spatial InterOp 3D',' ',' ');
FILE_SCHEMA(('CONFIG_CONTROL_DESIGN'));
ENDSEC;
DATA;
#1=DESIGN_CONTEXT('',#27,'design');
#2=APPLICATION_PROTOCOL_DEFINITION('INTERNATIONAL STANDARD','config_control_design',1994,#27);
#3=PRODUCT_CATEGORY_RELATIONSHIP('NONE','NONE',#28,#29);
#4=DATE_AND_TIME(#30,#31);
#5=DATE_TIME_ROLE('creation_date');
#6=DATE_TIME_ROLE('classification_date');
#7=PERSON_AND_ORGANIZATION_ROLE('creator');
#8=PERSON_AND_ORGANIZATION_ROLE('design_supplier');
#9=PERSON_AND_ORGANIZATION_ROLE('classification_officer');
#10=PERSON_AND_ORGANIZATION_ROLE('design_owner');
#11=APPROVAL_PERSON_ORGANIZATION(#32,#33,#34);
#12=APPROVAL_DATE_TIME(#4,#33);
#13=CC_DESIGN_APPROVAL(#33,(#35,#36,#37));
#14=CC_DESIGN_DATE_AND_TIME_ASSIGNMENT(#4,#5,(#37));
#15=CC_DESIGN_DATE_AND_TIME_ASSIGNMENT(#4,#6,(#35));
#16=CC_DESIGN_PERSON_AND_ORGANIZATION_ASSIGNMENT(#32,#10,(#38));
#17=CC_DESIGN_PERSON_AND_ORGANIZATION_ASSIGNMENT(#32,#7,(#37));
#18=CC_DESIGN_PERSON_AND_ORGANIZATION_ASSIGNMENT(#32,#7,(#36));
#19=CC_DESIGN_PERSON_AND_ORGANIZATION_ASSIGNMENT(#32,#8,(#36));
#20=CC_DESIGN_SECURITY_CLASSIFICATION(#35,(#36));
#21=CC_DESIGN_PERSON_AND_ORGANIZATION_ASSIGNMENT(#32,#9,(#35));
#22=SHAPE_DEFINITION_REPRESENTATION(#39,#40);
#23= (GEOMETRIC_REPRESENTATION_CONTEXT(3)GLOBAL_UNCERTAINTY_ASSIGNED_CONTEXT((#43))GLOBAL_UNIT_ASSIGNED_CONTEXT((#45,#46,#47))REPRESENTATION_CONTEXT('NONE','WORKSPACE'));
#27=APPLICATION_CONTEXT('CONFIGURATION CONTROLLED 3D DESIGNS OF MECHANICAL PARTS AND ASSEMBLIES');
#28=PRODUCT_CATEGORY('part','NONE');
#29=PRODUCT_RELATED_PRODUCT_CATEGORY('detail',' ',(#38));
#30=CALENDAR_DATE(2024,30,2);
#31=LOCAL_TIME(13,3,9.0,#49);
#32=PERSON_AND_ORGANIZATION(#50,#51);
#33=APPROVAL(#52,'SOLID MODEL');
#34=APPROVAL_ROLE('APPROVED');
#35=SECURITY_CLASSIFICATION('','',#53);
#36=PRODUCT_DEFINITION_FORMATION_WITH_SPECIFIED_SOURCE(' ','NONE',#38,.NOT_KNOWN.);
#37=PRODUCT_DEFINITION('','NONE',#36,#1);
#38=PRODUCT('1','','PART--DESC',(#54));
#39=PRODUCT_DEFINITION_SHAPE('NONE','NONE',#37);
#40=ADVANCED_BREP_SHAPE_REPRESENTATION('1',(#55,#56),#23);
#43=UNCERTAINTY_MEASURE_WITH_UNIT(LENGTH_MEASURE(1.0E-06),#45,'','');
#45= (CONVERSION_BASED_UNIT('MILLIMETRE',#59)LENGTH_UNIT()NAMED_UNIT(#62));
#46= (NAMED_UNIT(#64)PLANE_ANGLE_UNIT()SI_UNIT($,.RADIAN.));
#47= (NAMED_UNIT(#64)SOLID_ANGLE_UNIT()SI_UNIT($,.STERADIAN.));
#49=COORDINATED_UNIVERSAL_TIME_OFFSET(1,0,.AHEAD.);
#50=PERSON('','UNSPECIFIED',$,$,$,$);
#51=ORGANIZATION('UNSPECIFIED','UNSPECIFIED','UNSPECIFIED');
#52=APPROVAL_STATUS('approved');
#53=SECURITY_CLASSIFICATION_LEVEL('unclassified');
#54=MECHANICAL_CONTEXT('',#27,'mechanical');
#55=MANIFOLD_SOLID_BREP('1',#70);
#56=AXIS2_PLACEMENT_3D('',#71,#72,#73);
#59=LENGTH_MEASURE_WITH_UNIT(LENGTH_MEASURE(1.0),#74);
#62=DIMENSIONAL_EXPONENTS(1.0,0.0,0.0,0.0,0.0,0.0,0.0);
#64=DIMENSIONAL_EXPONENTS(0.0,0.0,0.0,0.0,0.0,0.0,0.0);
#70=CLOSED_SHELL('',(#75,#76,#77,#78,#79,#80,#81,#82,#83,#84,#85,#86,#87,#88,#89,#90,#91,#92,#93,#94,#95,#96,#97,#98,#99,#100,#101,#102,#103,#104,#105,#106,#107,#108,#109,#110,#111,#112,#113,#114,#115,#116,#117,#118,#119,#120,#121,#122,#123,#124,#125,#126,#127,#128,#129,#130,#131,#132,#133,#134,#135,#136,#137,#138,#139,#140,#141,#142,#143,#144,#145,#146,#147,#148,#149,#150,#151,#152,#153,#154,#155,#156,#157,#158,#159,#160,#161,#162,#163,#164,#165,#166,#167,#168,#169,#170,#171,#172,#173,#174,#175,#176,#177,#178,#179,#180,#181,#182,#183,#184,#185,#186,#187,#188,#189,#190,#191,#192,#193,#194,#195,#196,#197,#198,#199,#200,#201,#202,#203,#204,#205,#206,#207,#208,#209,#210));
#71=CARTESIAN_POINT('',(0.0,0.0,0.0));
#72=DIRECTION('',(0.0,0.0,1.0));
#73=DIRECTION('',(1.0,0.0,0.0));
#74= (NAMED_UNIT(#62)LENGTH_UNIT()SI_UNIT(.MILLI.,.METRE.));
#75=ADVANCED_FACE('',(#212),#213,.T.);
#76=ADVANCED_FACE('',(#214),#215,.T.);
#77=ADVANCED_FACE('',(#216),#217,.F.);
#78=ADVANCED_FACE('',(#218),#219,.T.);
#79=ADVANCED_FACE('',(#220),#221,.T.);
#80=ADVANCED_FACE('',(#222,#223),#224,.T.);
#81=ADVANCED_FACE('',(#225),#226,.F.);
#82=ADVANCED_FACE('',(#227),#228,.F.);
#83=ADVANCED_FACE('',(#229),#230,.F.);
#84=ADVANCED_FACE('',(#231),#232,.F.);
#85=ADVANCED_FACE('',(#233,#234),#235,.F.);
#86=ADVANCED_FACE('',(#236),#237,.T.);
#87=ADVANCED_FACE('',(#238,#239),#240,.T.);
#88=ADVANCED_FACE('',(#241),#242,.T.);
#89=ADVANCED_FACE('',(#243),#244,.T.);
#90=ADVANCED_FACE('',(#245,#246),#247,.T.);
#91=ADVANCED_FACE('',(#248),#249,.F.);
#92=ADVANCED_FACE('',(#250),#251,.F.);
#93=ADVANCED_FACE('',(#252),#253,.F.);
#94=ADVANCED_FACE('',(#254),#255,.F.);
#95=ADVANCED_FACE('',(#256,#257),#258,.F.);
#96=ADVANCED_FACE('',(#259),#260,.T.);
#97=ADVANCED_FACE('',(#261,#262),#263,.T.);
#98=ADVANCED_FACE('',(#264),#265,.T.);
#99=ADVANCED_FACE('',(#266),#267,.T.);
#100=ADVANCED_FACE('',(#268,#269),#270,.T.);
#101=ADVANCED_FACE('',(#271),#272,.F.);
#102=ADVANCED_FACE('',(#273),#274,.F.);
#103=ADVANCED_FACE('',(#275),#276,.F.);
#104=ADVANCED_FACE('',(#277),#278,.F.);
#105=ADVANCED_FACE('',(#279,#280),#281,.F.);
#106=ADVANCED_FACE('',(#282),#283,.T.);
#107=ADVANCED_FACE('',(#284,#285),#286,.T.);
#108=ADVANCED_FACE('',(#287),#288,.T.);
#109=ADVANCED_FACE('',(#289),#290,.T.);
#110=ADVANCED_FACE('',(#291),#292,.T.);
#111=ADVANCED_FACE('',(#293),#294,.T.);
#112=ADVANCED_FACE('',(#295),#296,.T.);
#113=ADVANCED_FACE('',(#297),#298,.T.);
#114=ADVANCED_FACE('',(#299),#300,.T.);
#115=ADVANCED_FACE('',(#301),#302,.T.);
#116=ADVANCED_FACE('',(#303),#304,.T.);
#117=ADVANCED_FACE('',(#305,#306),#307,.T.);
#118=ADVANCED_FACE('',(#308),#309,.F.);
#119=ADVANCED_FACE('',(#310,#311),#312,.T.);
#120=ADVANCED_FACE('',(#313),#314,.T.);
#121=ADVANCED_FACE('',(#315),#316,.T.);
#122=ADVANCED_FACE('',(#317),#318,.T.);
#123=ADVANCED_FACE('',(#319),#320,.T.);
#124=ADVANCED_FACE('',(#321),#322,.T.);
#125=ADVANCED_FACE('',(#323),#324,.T.);
#126=ADVANCED_FACE('',(#325),#326,.F.);
#127=ADVANCED_FACE('',(#327),#328,.F.);
#128=ADVANCED_FACE('',(#329),#330,.T.);
#129=ADVANCED_FACE('',(#331),#332,.T.);
#130=ADVANCED_FACE('',(#333),#334,.T.);
#131=ADVANCED_FACE('',(#335),#336,.T.);
#132=ADVANCED_FACE('',(#337),#338,.T.);
#133=ADVANCED_FACE('',(#339),#340,.F.);
#134=ADVANCED_FACE('',(#341),#342,.T.);
#135=ADVANCED_FACE('',(#343),#344,.F.);
#136=ADVANCED_FACE('',(#345),#346,.T.);
#137=ADVANCED_FACE('',(#347),#348,.T.);
#138=ADVANCED_FACE('',(#349),#350,.T.);
#139=ADVANCED_FACE('',(#351),#352,.T.);
#140=ADVANCED_FACE('',(#353),#354,.T.);
#141=ADVANCED_FACE('',(#355),#356,.F.);
#142=ADVANCED_FACE('',(#357),#358,.T.);
#143=ADVANCED_FACE('',(#359),#360,.F.);
#144=ADVANCED_FACE('',(#361),#362,.T.);
#145=ADVANCED_FACE('',(#363),#364,.T.);
#146=ADVANCED_FACE('',(#365),#366,.T.);
#147=ADVANCED_FACE('',(#367),#368,.T.);
#148=ADVANCED_FACE('',(#369),#370,.T.);
#149=ADVANCED_FACE('',(#371),#372,.F.);
#150=ADVANCED_FACE('',(#373),#374,.T.);
#151=ADVANCED_FACE('',(#375),#376,.F.);
#152=ADVANCED_FACE('',(#377),#378,.T.);
#153=ADVANCED_FACE('',(#379),#380,.T.);
#154=ADVANCED_FACE('',(#381),#382,.T.);
#155=ADVANCED_FACE('',(#383),#384,.T.);
#156=ADVANCED_FACE('',(#385),#386,.T.);
#157=ADVANCED_FACE('',(#387),#388,.F.);
#158=ADVANCED_FACE('',(#389),#390,.T.);
#159=ADVANCED_FACE('',(#391),#392,.F.);
#160=ADVANCED_FACE('',(#393),#394,.F.);
#161=ADVANCED_FACE('',(#395),#396,.T.);
#162=ADVANCED_FACE('',(#397,#398,#399),#400,.F.);
#163=ADVANCED_FACE('',(#401),#402,.F.);
#164=ADVANCED_FACE('',(#403),#404,.F.);
#165=ADVANCED_FACE('',(#405),#406,.F.);
#166=ADVANCED_FACE('',(#407),#408,.F.);
#167=ADVANCED_FACE('',(#409),#410,.T.);
#168=ADVANCED_FACE('',(#411,#412,#413),#414,.F.);
#169=ADVANCED_FACE('',(#415),#416,.F.);
#170=ADVANCED_FACE('',(#417),#418,.F.);
#171=ADVANCED_FACE('',(#419),#420,.T.);
#172=ADVANCED_FACE('',(#421),#422,.T.);
#173=ADVANCED_FACE('',(#423),#424,.T.);
#174=ADVANCED_FACE('',(#425,#426),#427,.T.);
#175=ADVANCED_FACE('',(#428),#429,.F.);
#176=ADVANCED_FACE('',(#430),#431,.T.);
#177=ADVANCED_FACE('',(#432),#433,.F.);
#178=ADVANCED_FACE('',(#434),#435,.T.);
#179=ADVANCED_FACE('',(#436),#437,.T.);
#180=ADVANCED_FACE('',(#438),#439,.F.);
#181=ADVANCED_FACE('',(#440),#441,.T.);
#182=ADVANCED_FACE('',(#442),#443,.T.);
#183=ADVANCED_FACE('',(#444),#445,.F.);
#184=ADVANCED_FACE('',(#446),#447,.F.);
#185=ADVANCED_FACE('',(#448),#449,.F.);
#186=ADVANCED_FACE('',(#450),#451,.F.);
#187=ADVANCED_FACE('',(#452),#453,.F.);
#188=ADVANCED_FACE('',(#454),#455,.F.);
#189=ADVANCED_FACE('',(#456),#457,.F.);
#190=ADVANCED_FACE('',(#458),#459,.F.);
#191=ADVANCED_FACE('',(#460),#461,.T.);
#192=ADVANCED_FACE('',(#462),#463,.F.);
#193=ADVANCED_FACE('',(#464),#465,.F.);
#194=ADVANCED_FACE('',(#466),#467,.F.);
#195=ADVANCED_FACE('',(#468),#469,.T.);
#196=ADVANCED_FACE('',(#470,#471,#472,#473),#474,.F.);
#197=ADVANCED_FACE('',(#475),#476,.T.);
#198=ADVANCED_FACE('',(#477),#478,.T.);
#199=ADVANCED_FACE('',(#479),#480,.T.);
#200=ADVANCED_FACE('',(#481),#482,.T.);
#201=ADVANCED_FACE('',(#483),#484,.T.);
#202=ADVANCED_FACE('',(#485),#486,.F.);
#203=ADVANCED_FACE('',(#487),#488,.T.);
#204=ADVANCED_FACE('',(#489),#490,.T.);
#205=ADVANCED_FACE('',(#491),#492,.T.);
#206=ADVANCED_FACE('',(#493),#494,.T.);
#207=ADVANCED_FACE('',(#495),#496,.T.);
#208=ADVANCED_FACE('',(#497),#498,.T.);
#209=ADVANCED_FACE('',(#499),#500,.T.);
#210=ADVANCED_FACE('',(#501),#502,.T.);
#212=FACE_OUTER_BOUND('',#503,.T.);
#213=CONICAL_SURFACE('',#504,3.003153125,0.785398163397451);
#214=FACE_OUTER_BOUND('',#505,.T.);
#215=CONICAL_SURFACE('',#506,3.003153125,0.785398163397451);
#216=FACE_OUTER_BOUND('',#507,.T.);
#217=CYLINDRICAL_SURFACE('',#508,2.425);
#218=FACE_OUTER_BOUND('',#509,.T.);
#219=CYLINDRICAL_SURFACE('',#510,3.175);
#220=FACE_OUTER_BOUND('',#511,.T.);
#221=CYLINDRICAL_SURFACE('',#512,1.46);
#222=FACE_BOUND('',#513,.T.);
#223=FACE_OUTER_BOUND('',#514,.T.);
#224=TOROIDAL_SURFACE('',#515,-3.38578859562055,4.20874855678433);
#225=FACE_OUTER_BOUND('',#516,.T.);
#226=CYLINDRICAL_SURFACE('',#517,0.755387931034482);
#227=FACE_OUTER_BOUND('',#518,.T.);
#228=PLANE('',#519);
#229=FACE_OUTER_BOUND('',#520,.T.);
#230=CYLINDRICAL_SURFACE('',#521,0.755387931034482);
#231=FACE_OUTER_BOUND('',#522,.T.);
#232=PLANE('',#523);
#233=FACE_BOUND('',#524,.T.);
#234=FACE_OUTER_BOUND('',#525,.T.);
#235=PLANE('',#526);
#236=FACE_OUTER_BOUND('',#527,.T.);
#237=PLANE('',#528);
#238=FACE_BOUND('',#529,.T.);
#239=FACE_OUTER_BOUND('',#530,.T.);
#240=PLANE('',#531);
#241=FACE_OUTER_BOUND('',#532,.T.);
#242=PLANE('',#533);
#243=FACE_OUTER_BOUND('',#534,.T.);
#244=PLANE('',#535);
#245=FACE_BOUND('',#536,.T.);
#246=FACE_OUTER_BOUND('',#537,.T.);
#247=TOROIDAL_SURFACE('',#538,-3.38578859562055,4.20874855678433);
#248=FACE_OUTER_BOUND('',#539,.T.);
#249=CYLINDRICAL_SURFACE('',#540,0.755387931034482);
#250=FACE_OUTER_BOUND('',#541,.T.);
#251=PLANE('',#542);
#252=FACE_OUTER_BOUND('',#543,.T.);
#253=CYLINDRICAL_SURFACE('',#544,0.755387931034482);
#254=FACE_OUTER_BOUND('',#545,.T.);
#255=PLANE('',#546);
#256=FACE_BOUND('',#547,.T.);
#257=FACE_OUTER_BOUND('',#548,.T.);
#258=PLANE('',#549);
#259=FACE_OUTER_BOUND('',#550,.T.);
#260=PLANE('',#551);
#261=FACE_BOUND('',#552,.T.);
#262=FACE_OUTER_BOUND('',#553,.T.);
#263=PLANE('',#554);
#264=FACE_OUTER_BOUND('',#555,.T.);
#265=PLANE('',#556);
#266=FACE_OUTER_BOUND('',#557,.T.);
#267=PLANE('',#558);
#268=FACE_BOUND('',#559,.T.);
#269=FACE_OUTER_BOUND('',#560,.T.);
#270=TOROIDAL_SURFACE('',#561,-3.38578859562055,4.20874855678433);
#271=FACE_OUTER_BOUND('',#562,.T.);
#272=CYLINDRICAL_SURFACE('',#563,0.755387931034482);
#273=FACE_OUTER_BOUND('',#564,.T.);
#274=PLANE('',#565);
#275=FACE_OUTER_BOUND('',#566,.T.);
#276=CYLINDRICAL_SURFACE('',#567,0.755387931034482);
#277=FACE_OUTER_BOUND('',#568,.T.);
#278=PLANE('',#569);
#279=FACE_BOUND('',#570,.T.);
#280=FACE_OUTER_BOUND('',#571,.T.);
#281=PLANE('',#572);
#282=FACE_OUTER_BOUND('',#573,.T.);
#283=PLANE('',#574);
#284=FACE_BOUND('',#575,.T.);
#285=FACE_OUTER_BOUND('',#576,.T.);
#286=PLANE('',#577);
#287=FACE_OUTER_BOUND('',#578,.T.);
#288=PLANE('',#579);
#289=FACE_OUTER_BOUND('',#580,.T.);
#290=PLANE('',#581);
#291=FACE_OUTER_BOUND('',#582,.T.);
#292=CYLINDRICAL_SURFACE('',#583,1.46);
#293=FACE_OUTER_BOUND('',#584,.T.);
#294=SPHERICAL_SURFACE('',#585,1.46);
#295=FACE_OUTER_BOUND('',#586,.T.);
#296=CYLINDRICAL_SURFACE('',#587,3.175);
#297=FACE_OUTER_BOUND('',#588,.T.);
#298=PLANE('',#589);
#299=FACE_OUTER_BOUND('',#590,.T.);
#300=PLANE('',#591);
#301=FACE_OUTER_BOUND('',#592,.T.);
#302=PLANE('',#593);
#303=FACE_OUTER_BOUND('',#594,.T.);
#304=PLANE('',#595);
#305=FACE_OUTER_BOUND('',#596,.T.);
#306=FACE_BOUND('',#597,.T.);
#307=PLANE('',#598);
#308=FACE_OUTER_BOUND('',#599,.T.);
#309=CYLINDRICAL_SURFACE('',#600,2.425);
#310=FACE_BOUND('',#601,.T.);
#311=FACE_OUTER_BOUND('',#602,.T.);
#312=PLANE('',#603);
#313=FACE_OUTER_BOUND('',#604,.T.);
#314=CONICAL_SURFACE('',#605,3.003153125,0.785398163397451);
#315=FACE_OUTER_BOUND('',#606,.T.);
#316=PLANE('',#607);
#317=FACE_OUTER_BOUND('',#608,.T.);
#318=CYLINDRICAL_SURFACE('',#609,0.5);
#319=FACE_OUTER_BOUND('',#610,.T.);
#320=PLANE('',#611);
#321=FACE_OUTER_BOUND('',#612,.T.);
#322=CYLINDRICAL_SURFACE('',#613,0.5);
#323=FACE_OUTER_BOUND('',#614,.T.);
#324=PLANE('',#615);
#325=FACE_OUTER_BOUND('',#616,.T.);
#326=PLANE('',#617);
#327=FACE_OUTER_BOUND('',#618,.T.);
#328=PLANE('',#619);
#329=FACE_OUTER_BOUND('',#620,.T.);
#330=PLANE('',#621);
#331=FACE_OUTER_BOUND('',#622,.T.);
#332=CYLINDRICAL_SURFACE('',#623,0.25);
#333=FACE_OUTER_BOUND('',#624,.T.);
#334=PLANE('',#625);
#335=FACE_OUTER_BOUND('',#626,.T.);
#336=PLANE('',#627);
#337=FACE_OUTER_BOUND('',#628,.T.);
#338=PLANE('',#629);
#339=FACE_OUTER_BOUND('',#630,.T.);
#340=CYLINDRICAL_SURFACE('',#631,0.15);
#341=FACE_OUTER_BOUND('',#632,.T.);
#342=PLANE('',#633);
#343=FACE_OUTER_BOUND('',#634,.T.);
#344=PLANE('',#635);
#345=FACE_OUTER_BOUND('',#636,.T.);
#346=PLANE('',#637);
#347=FACE_OUTER_BOUND('',#638,.T.);
#348=CYLINDRICAL_SURFACE('',#639,0.25);
#349=FACE_OUTER_BOUND('',#640,.T.);
#350=PLANE('',#641);
#351=FACE_OUTER_BOUND('',#642,.T.);
#352=PLANE('',#643);
#353=FACE_OUTER_BOUND('',#644,.T.);
#354=PLANE('',#645);
#355=FACE_OUTER_BOUND('',#646,.T.);
#356=CYLINDRICAL_SURFACE('',#647,0.15);
#357=FACE_OUTER_BOUND('',#648,.T.);
#358=PLANE('',#649);
#359=FACE_OUTER_BOUND('',#650,.T.);
#360=PLANE('',#651);
#361=FACE_OUTER_BOUND('',#652,.T.);
#362=PLANE('',#653);
#363=FACE_OUTER_BOUND('',#654,.T.);
#364=CYLINDRICAL_SURFACE('',#655,0.25);
#365=FACE_OUTER_BOUND('',#656,.T.);
#366=PLANE('',#657);
#367=FACE_OUTER_BOUND('',#658,.T.);
#368=PLANE('',#659);
#369=FACE_OUTER_BOUND('',#660,.T.);
#370=PLANE('',#661);
#371=FACE_OUTER_BOUND('',#662,.T.);
#372=CYLINDRICAL_SURFACE('',#663,0.15);
#373=FACE_OUTER_BOUND('',#664,.T.);
#374=PLANE('',#665);
#375=FACE_OUTER_BOUND('',#666,.T.);
#376=PLANE('',#667);
#377=FACE_OUTER_BOUND('',#668,.T.);
#378=PLANE('',#669);
#379=FACE_OUTER_BOUND('',#670,.T.);
#380=CYLINDRICAL_SURFACE('',#671,0.25);
#381=FACE_OUTER_BOUND('',#672,.T.);
#382=PLANE('',#673);
#383=FACE_OUTER_BOUND('',#674,.T.);
#384=PLANE('',#675);
#385=FACE_OUTER_BOUND('',#676,.T.);
#386=PLANE('',#677);
#387=FACE_OUTER_BOUND('',#678,.T.);
#388=CYLINDRICAL_SURFACE('',#679,0.15);
#389=FACE_OUTER_BOUND('',#680,.T.);
#390=PLANE('',#681);
#391=FACE_OUTER_BOUND('',#682,.T.);
#392=PLANE('',#683);
#393=FACE_OUTER_BOUND('',#684,.T.);
#394=PLANE('',#685);
#395=FACE_OUTER_BOUND('',#686,.T.);
#396=PLANE('',#687);
#397=FACE_BOUND('',#688,.T.);
#398=FACE_BOUND('',#689,.T.);
#399=FACE_OUTER_BOUND('',#690,.T.);
#400=PLANE('',#691);
#401=FACE_OUTER_BOUND('',#692,.T.);
#402=PLANE('',#693);
#403=FACE_OUTER_BOUND('',#694,.T.);
#404=PLANE('',#695);
#405=FACE_OUTER_BOUND('',#696,.T.);
#406=PLANE('',#697);
#407=FACE_OUTER_BOUND('',#698,.T.);
#408=PLANE('',#699);
#409=FACE_OUTER_BOUND('',#700,.T.);
#410=PLANE('',#701);
#411=FACE_BOUND('',#702,.T.);
#412=FACE_BOUND('',#703,.T.);
#413=FACE_OUTER_BOUND('',#704,.T.);
#414=PLANE('',#705);
#415=FACE_OUTER_BOUND('',#706,.T.);
#416=PLANE('',#707);
#417=FACE_OUTER_BOUND('',#708,.T.);
#418=PLANE('',#709);
#419=FACE_OUTER_BOUND('',#710,.T.);
#420=CYLINDRICAL_SURFACE('',#711,0.5);
#421=FACE_OUTER_BOUND('',#712,.T.);
#422=PLANE('',#713);
#423=FACE_OUTER_BOUND('',#714,.T.);
#424=CYLINDRICAL_SURFACE('',#715,0.5);
#425=FACE_BOUND('',#716,.T.);
#426=FACE_OUTER_BOUND('',#717,.T.);
#427=PLANE('',#718);
#428=FACE_OUTER_BOUND('',#719,.T.);
#429=PLANE('',#720);
#430=FACE_OUTER_BOUND('',#721,.T.);
#431=PLANE('',#722);
#432=FACE_OUTER_BOUND('',#723,.T.);
#433=PLANE('',#724);
#434=FACE_OUTER_BOUND('',#725,.T.);
#435=PLANE('',#726);
#436=FACE_OUTER_BOUND('',#727,.T.);
#437=PLANE('',#728);
#438=FACE_OUTER_BOUND('',#729,.T.);
#439=PLANE('',#730);
#440=FACE_OUTER_BOUND('',#731,.T.);
#441=PLANE('',#732);
#442=FACE_OUTER_BOUND('',#733,.T.);
#443=PLANE('',#734);
#444=FACE_OUTER_BOUND('',#735,.T.);
#445=PLANE('',#736);
#446=FACE_OUTER_BOUND('',#737,.T.);
#447=CYLINDRICAL_SURFACE('',#738,0.6);
#448=FACE_OUTER_BOUND('',#739,.T.);
#449=PLANE('',#740);
#450=FACE_OUTER_BOUND('',#741,.T.);
#451=CYLINDRICAL_SURFACE('',#742,0.6);
#452=FACE_OUTER_BOUND('',#743,.T.);
#453=PLANE('',#744);
#454=FACE_OUTER_BOUND('',#745,.T.);
#455=CYLINDRICAL_SURFACE('',#746,0.6);
#456=FACE_OUTER_BOUND('',#747,.T.);
#457=PLANE('',#748);
#458=FACE_OUTER_BOUND('',#749,.T.);
#459=CYLINDRICAL_SURFACE('',#750,0.6);
#460=FACE_OUTER_BOUND('',#751,.T.);
#461=PLANE('',#752);
#462=FACE_OUTER_BOUND('',#753,.T.);
#463=PLANE('',#754);
#464=FACE_OUTER_BOUND('',#755,.T.);
#465=PLANE('',#756);
#466=FACE_OUTER_BOUND('',#757,.T.);
#467=PLANE('',#758);
#468=FACE_OUTER_BOUND('',#759,.T.);
#469=PLANE('',#760);
#470=FACE_BOUND('',#761,.T.);
#471=FACE_BOUND('',#762,.T.);
#472=FACE_BOUND('',#763,.T.);
#473=FACE_OUTER_BOUND('',#764,.T.);
#474=PLANE('',#765);
#475=FACE_OUTER_BOUND('',#766,.T.);
#476=PLANE('',#767);
#477=FACE_OUTER_BOUND('',#768,.T.);
#478=PLANE('',#769);
#479=FACE_OUTER_BOUND('',#770,.T.);
#480=PLANE('',#771);
#481=FACE_OUTER_BOUND('',#772,.T.);
#482=PLANE('',#773);
#483=FACE_OUTER_BOUND('',#774,.T.);
#484=PLANE('',#775);
#485=FACE_OUTER_BOUND('',#776,.T.);
#486=PLANE('',#777);
#487=FACE_OUTER_BOUND('',#778,.T.);
#488=PLANE('',#779);
#489=FACE_OUTER_BOUND('',#780,.T.);
#490=CYLINDRICAL_SURFACE('',#781,0.5);
#491=FACE_OUTER_BOUND('',#782,.T.);
#492=CYLINDRICAL_SURFACE('',#783,0.5);
#493=FACE_OUTER_BOUND('',#784,.T.);
#494=PLANE('',#785);
#495=FACE_OUTER_BOUND('',#786,.T.);
#496=CYLINDRICAL_SURFACE('',#787,0.5);
#497=FACE_OUTER_BOUND('',#788,.T.);
#498=PLANE('',#789);
#499=FACE_OUTER_BOUND('',#790,.T.);
#500=CYLINDRICAL_SURFACE('',#791,0.5);
#501=FACE_OUTER_BOUND('',#792,.T.);
#502=PLANE('',#793);
#503=EDGE_LOOP('',(#794,#795,#796,#797));
#504=AXIS2_PLACEMENT_3D('',#798,#799,#800);
#505=EDGE_LOOP('',(#801,#802,#803,#804));
#506=AXIS2_PLACEMENT_3D('',#805,#806,#807);
#507=EDGE_LOOP('',(#808,#809,#810,#811));
#508=AXIS2_PLACEMENT_3D('',#812,#813,#814);
#509=EDGE_LOOP('',(#815,#816,#817,#818));
#510=AXIS2_PLACEMENT_3D('',#819,#820,#821);
#511=EDGE_LOOP('',(#822,#823,#824,#825,#826));
#512=AXIS2_PLACEMENT_3D('',#827,#828,#829);
#513=EDGE_LOOP('',(#830,#831,#832,#833));
#514=EDGE_LOOP('',(#834,#835));
#515=AXIS2_PLACEMENT_3D('',#836,#837,#838);
#516=EDGE_LOOP('',(#839,#840,#841,#842));
#517=AXIS2_PLACEMENT_3D('',#843,#844,#845);
#518=EDGE_LOOP('',(#846,#847,#848,#849));
#519=AXIS2_PLACEMENT_3D('',#850,#851,#852);
#520=EDGE_LOOP('',(#853,#854,#855,#856));
#521=AXIS2_PLACEMENT_3D('',#857,#858,#859);
#522=EDGE_LOOP('',(#860,#861,#862,#863));
#523=AXIS2_PLACEMENT_3D('',#864,#865,#866);
#524=EDGE_LOOP('',(#867,#868,#869,#870));
#525=EDGE_LOOP('',(#871,#872,#873,#874));
#526=AXIS2_PLACEMENT_3D('',#875,#876,#877);
#527=EDGE_LOOP('',(#878,#879,#880,#881));
#528=AXIS2_PLACEMENT_3D('',#882,#883,#884);
#529=EDGE_LOOP('',(#885,#886,#887,#888));
#530=EDGE_LOOP('',(#889,#890,#891,#892));
#531=AXIS2_PLACEMENT_3D('',#893,#894,#895);
#532=EDGE_LOOP('',(#896,#897,#898,#899));
#533=AXIS2_PLACEMENT_3D('',#900,#901,#902);
#534=EDGE_LOOP('',(#903,#904,#905,#906));
#535=AXIS2_PLACEMENT_3D('',#907,#908,#909);
#536=EDGE_LOOP('',(#910,#911,#912,#913));
#537=EDGE_LOOP('',(#914,#915));
#538=AXIS2_PLACEMENT_3D('',#916,#917,#918);
#539=EDGE_LOOP('',(#919,#920,#921,#922));
#540=AXIS2_PLACEMENT_3D('',#923,#924,#925);
#541=EDGE_LOOP('',(#926,#927,#928,#929));
#542=AXIS2_PLACEMENT_3D('',#930,#931,#932);
#543=EDGE_LOOP('',(#933,#934,#935,#936));
#544=AXIS2_PLACEMENT_3D('',#937,#938,#939);
#545=EDGE_LOOP('',(#940,#941,#942,#943));
#546=AXIS2_PLACEMENT_3D('',#944,#945,#946);
#547=EDGE_LOOP('',(#947,#948,#949,#950));
#548=EDGE_LOOP('',(#951,#952,#953,#954));
#549=AXIS2_PLACEMENT_3D('',#955,#956,#957);
#550=EDGE_LOOP('',(#958,#959,#960,#961));
#551=AXIS2_PLACEMENT_3D('',#962,#963,#964);
#552=EDGE_LOOP('',(#965,#966,#967,#968));
#553=EDGE_LOOP('',(#969,#970,#971,#972));
#554=AXIS2_PLACEMENT_3D('',#973,#974,#975);
#555=EDGE_LOOP('',(#976,#977,#978,#979));
#556=AXIS2_PLACEMENT_3D('',#980,#981,#982);
#557=EDGE_LOOP('',(#983,#984,#985,#986));
#558=AXIS2_PLACEMENT_3D('',#987,#988,#989);
#559=EDGE_LOOP('',(#990,#991,#992,#993));
#560=EDGE_LOOP('',(#994,#995));
#561=AXIS2_PLACEMENT_3D('',#996,#997,#998);
#562=EDGE_LOOP('',(#999,#1000,#1001,#1002));
#563=AXIS2_PLACEMENT_3D('',#1003,#1004,#1005);
#564=EDGE_LOOP('',(#1006,#1007,#1008,#1009));
#565=AXIS2_PLACEMENT_3D('',#1010,#1011,#1012);
#566=EDGE_LOOP('',(#1013,#1014,#1015,#1016));
#567=AXIS2_PLACEMENT_3D('',#1017,#1018,#1019);
#568=EDGE_LOOP('',(#1020,#1021,#1022,#1023));
#569=AXIS2_PLACEMENT_3D('',#1024,#1025,#1026);
#570=EDGE_LOOP('',(#1027,#1028,#1029,#1030));
#571=EDGE_LOOP('',(#1031,#1032,#1033,#1034));
#572=AXIS2_PLACEMENT_3D('',#1035,#1036,#1037);
#573=EDGE_LOOP('',(#1038,#1039,#1040,#1041));
#574=AXIS2_PLACEMENT_3D('',#1042,#1043,#1044);
#575=EDGE_LOOP('',(#1045,#1046,#1047,#1048));
#576=EDGE_LOOP('',(#1049,#1050,#1051,#1052));
#577=AXIS2_PLACEMENT_3D('',#1053,#1054,#1055);
#578=EDGE_LOOP('',(#1056,#1057,#1058,#1059));
#579=AXIS2_PLACEMENT_3D('',#1060,#1061,#1062);
#580=EDGE_LOOP('',(#1063,#1064,#1065,#1066));
#581=AXIS2_PLACEMENT_3D('',#1067,#1068,#1069);
#582=EDGE_LOOP('',(#1070,#1071,#1072,#1073,#1074,#1075));
#583=AXIS2_PLACEMENT_3D('',#1076,#1077,#1078);
#584=EDGE_LOOP('',(#1079,#1080,#1081,#1082));
#585=AXIS2_PLACEMENT_3D('',#1083,#1084,#1085);
#586=EDGE_LOOP('',(#1086,#1087,#1088,#1089,#1090,#1091,#1092,#1093));
#587=AXIS2_PLACEMENT_3D('',#1094,#1095,#1096);
#588=EDGE_LOOP('',(#1097,#1098,#1099,#1100));
#589=AXIS2_PLACEMENT_3D('',#1101,#1102,#1103);
#590=EDGE_LOOP('',(#1104,#1105,#1106,#1107,#1108));
#591=AXIS2_PLACEMENT_3D('',#1109,#1110,#1111);
#592=EDGE_LOOP('',(#1112,#1113,#1114,#1115));
#593=AXIS2_PLACEMENT_3D('',#1116,#1117,#1118);
#594=EDGE_LOOP('',(#1119,#1120,#1121,#1122,#1123));
#595=AXIS2_PLACEMENT_3D('',#1124,#1125,#1126);
#596=EDGE_LOOP('',(#1127,#1128,#1129,#1130,#1131,#1132));
#597=EDGE_LOOP('',(#1133,#1134));
#598=AXIS2_PLACEMENT_3D('',#1135,#1136,#1137);
#599=EDGE_LOOP('',(#1138,#1139,#1140,#1141));
#600=AXIS2_PLACEMENT_3D('',#1142,#1143,#1144);
#601=EDGE_LOOP('',(#1145,#1146,#1147));
#602=EDGE_LOOP('',(#1148,#1149));
#603=AXIS2_PLACEMENT_3D('',#1150,#1151,#1152);
#604=EDGE_LOOP('',(#1153,#1154,#1155,#1156));
#605=AXIS2_PLACEMENT_3D('',#1157,#1158,#1159);
#606=EDGE_LOOP('',(#1160,#1161,#1162,#1163,#1164,#1165,#1166,#1167,#1168,#1169,#1170,#1171));
#607=AXIS2_PLACEMENT_3D('',#1172,#1173,#1174);
#608=EDGE_LOOP('',(#1175,#1176,#1177,#1178));
#609=AXIS2_PLACEMENT_3D('',#1179,#1180,#1181);
#610=EDGE_LOOP('',(#1182,#1183,#1184,#1185));
#611=AXIS2_PLACEMENT_3D('',#1186,#1187,#1188);
#612=EDGE_LOOP('',(#1189,#1190,#1191,#1192));
#613=AXIS2_PLACEMENT_3D('',#1193,#1194,#1195);
#614=EDGE_LOOP('',(#1196,#1197,#1198,#1199,#1200,#1201,#1202,#1203,#1204,#1205,#1206,#1207));
#615=AXIS2_PLACEMENT_3D('',#1208,#1209,#1210);
#616=EDGE_LOOP('',(#1211,#1212,#1213,#1214,#1215,#1216,#1217,#1218));
#617=AXIS2_PLACEMENT_3D('',#1219,#1220,#1221);
#618=EDGE_LOOP('',(#1222,#1223,#1224,#1225,#1226,#1227,#1228));
#619=AXIS2_PLACEMENT_3D('',#1229,#1230,#1231);
#620=EDGE_LOOP('',(#1232,#1233,#1234,#1235));
#621=AXIS2_PLACEMENT_3D('',#1236,#1237,#1238);
#622=EDGE_LOOP('',(#1239,#1240,#1241,#1242));
#623=AXIS2_PLACEMENT_3D('',#1243,#1244,#1245);
#624=EDGE_LOOP('',(#1246,#1247,#1248,#1249));
#625=AXIS2_PLACEMENT_3D('',#1250,#1251,#1252);
#626=EDGE_LOOP('',(#1253,#1254,#1255,#1256));
#627=AXIS2_PLACEMENT_3D('',#1257,#1258,#1259);
#628=EDGE_LOOP('',(#1260,#1261,#1262,#1263));
#629=AXIS2_PLACEMENT_3D('',#1264,#1265,#1266);
#630=EDGE_LOOP('',(#1267,#1268,#1269,#1270));
#631=AXIS2_PLACEMENT_3D('',#1271,#1272,#1273);
#632=EDGE_LOOP('',(#1274,#1275,#1276,#1277,#1278,#1279,#1280));
#633=AXIS2_PLACEMENT_3D('',#1281,#1282,#1283);
#634=EDGE_LOOP('',(#1284,#1285,#1286,#1287,#1288,#1289,#1290));
#635=AXIS2_PLACEMENT_3D('',#1291,#1292,#1293);
#636=EDGE_LOOP('',(#1294,#1295,#1296,#1297));
#637=AXIS2_PLACEMENT_3D('',#1298,#1299,#1300);
#638=EDGE_LOOP('',(#1301,#1302,#1303,#1304));
#639=AXIS2_PLACEMENT_3D('',#1305,#1306,#1307);
#640=EDGE_LOOP('',(#1308,#1309,#1310,#1311));
#641=AXIS2_PLACEMENT_3D('',#1312,#1313,#1314);
#642=EDGE_LOOP('',(#1315,#1316,#1317,#1318));
#643=AXIS2_PLACEMENT_3D('',#1319,#1320,#1321);
#644=EDGE_LOOP('',(#1322,#1323,#1324,#1325));
#645=AXIS2_PLACEMENT_3D('',#1326,#1327,#1328);
#646=EDGE_LOOP('',(#1329,#1330,#1331,#1332));
#647=AXIS2_PLACEMENT_3D('',#1333,#1334,#1335);
#648=EDGE_LOOP('',(#1336,#1337,#1338,#1339,#1340,#1341,#1342));
#649=AXIS2_PLACEMENT_3D('',#1343,#1344,#1345);
#650=EDGE_LOOP('',(#1346,#1347,#1348,#1349,#1350,#1351,#1352));
#651=AXIS2_PLACEMENT_3D('',#1353,#1354,#1355);
#652=EDGE_LOOP('',(#1356,#1357,#1358,#1359));
#653=AXIS2_PLACEMENT_3D('',#1360,#1361,#1362);
#654=EDGE_LOOP('',(#1363,#1364,#1365,#1366));
#655=AXIS2_PLACEMENT_3D('',#1367,#1368,#1369);
#656=EDGE_LOOP('',(#1370,#1371,#1372,#1373));
#657=AXIS2_PLACEMENT_3D('',#1374,#1375,#1376);
#658=EDGE_LOOP('',(#1377,#1378,#1379,#1380));
#659=AXIS2_PLACEMENT_3D('',#1381,#1382,#1383);
#660=EDGE_LOOP('',(#1384,#1385,#1386,#1387));
#661=AXIS2_PLACEMENT_3D('',#1388,#1389,#1390);
#662=EDGE_LOOP('',(#1391,#1392,#1393,#1394));
#663=AXIS2_PLACEMENT_3D('',#1395,#1396,#1397);
#664=EDGE_LOOP('',(#1398,#1399,#1400,#1401,#1402,#1403,#1404));
#665=AXIS2_PLACEMENT_3D('',#1405,#1406,#1407);
#666=EDGE_LOOP('',(#1408,#1409,#1410,#1411,#1412,#1413,#1414));
#667=AXIS2_PLACEMENT_3D('',#1415,#1416,#1417);
#668=EDGE_LOOP('',(#1418,#1419,#1420,#1421));
#669=AXIS2_PLACEMENT_3D('',#1422,#1423,#1424);
#670=EDGE_LOOP('',(#1425,#1426,#1427,#1428));
#671=AXIS2_PLACEMENT_3D('',#1429,#1430,#1431);
#672=EDGE_LOOP('',(#1432,#1433,#1434,#1435));
#673=AXIS2_PLACEMENT_3D('',#1436,#1437,#1438);
#674=EDGE_LOOP('',(#1439,#1440,#1441,#1442));
#675=AXIS2_PLACEMENT_3D('',#1443,#1444,#1445);
#676=EDGE_LOOP('',(#1446,#1447,#1448,#1449));
#677=AXIS2_PLACEMENT_3D('',#1450,#1451,#1452);
#678=EDGE_LOOP('',(#1453,#1454,#1455,#1456));
#679=AXIS2_PLACEMENT_3D('',#1457,#1458,#1459);
#680=EDGE_LOOP('',(#1460,#1461,#1462,#1463,#1464,#1465,#1466));
#681=AXIS2_PLACEMENT_3D('',#1467,#1468,#1469);
#682=EDGE_LOOP('',(#1470,#1471,#1472,#1473));
#683=AXIS2_PLACEMENT_3D('',#1474,#1475,#1476);
#684=EDGE_LOOP('',(#1477,#1478,#1479,#1480,#1481,#1482));
#685=AXIS2_PLACEMENT_3D('',#1483,#1484,#1485);
#686=EDGE_LOOP('',(#1486,#1487,#1488,#1489,#1490,#1491));
#687=AXIS2_PLACEMENT_3D('',#1492,#1493,#1494);
#688=EDGE_LOOP('',(#1495,#1496,#1497,#1498));
#689=EDGE_LOOP('',(#1499,#1500,#1501,#1502));
#690=EDGE_LOOP('',(#1503,#1504,#1505,#1506));
#691=AXIS2_PLACEMENT_3D('',#1507,#1508,#1509);
#692=EDGE_LOOP('',(#1510,#1511,#1512,#1513));
#693=AXIS2_PLACEMENT_3D('',#1514,#1515,#1516);
#694=EDGE_LOOP('',(#1517,#1518,#1519,#1520));
#695=AXIS2_PLACEMENT_3D('',#1521,#1522,#1523);
#696=EDGE_LOOP('',(#1524,#1525,#1526,#1527));
#697=AXIS2_PLACEMENT_3D('',#1528,#1529,#1530);
#698=EDGE_LOOP('',(#1531,#1532,#1533,#1534,#1535,#1536));
#699=AXIS2_PLACEMENT_3D('',#1537,#1538,#1539);
#700=EDGE_LOOP('',(#1540,#1541,#1542,#1543,#1544,#1545));
#701=AXIS2_PLACEMENT_3D('',#1546,#1547,#1548);
#702=EDGE_LOOP('',(#1549,#1550,#1551,#1552));
#703=EDGE_LOOP('',(#1553,#1554,#1555,#1556));
#704=EDGE_LOOP('',(#1557,#1558,#1559,#1560));
#705=AXIS2_PLACEMENT_3D('',#1561,#1562,#1563);
#706=EDGE_LOOP('',(#1564,#1565,#1566,#1567));
#707=AXIS2_PLACEMENT_3D('',#1568,#1569,#1570);
#708=EDGE_LOOP('',(#1571,#1572,#1573,#1574));
#709=AXIS2_PLACEMENT_3D('',#1575,#1576,#1577);
#710=EDGE_LOOP('',(#1578,#1579,#1580,#1581));
#711=AXIS2_PLACEMENT_3D('',#1582,#1583,#1584);
#712=EDGE_LOOP('',(#1585,#1586,#1587,#1588));
#713=AXIS2_PLACEMENT_3D('',#1589,#1590,#1591);
#714=EDGE_LOOP('',(#1592,#1593,#1594,#1595));
#715=AXIS2_PLACEMENT_3D('',#1596,#1597,#1598);
#716=EDGE_LOOP('',(#1599,#1600));
#717=EDGE_LOOP('',(#1601,#1602,#1603,#1604,#1605,#1606,#1607,#1608));
#718=AXIS2_PLACEMENT_3D('',#1609,#1610,#1611);
#719=EDGE_LOOP('',(#1612,#1613,#1614,#1615,#1616,#1617,#1618,#1619));
#720=AXIS2_PLACEMENT_3D('',#1620,#1621,#1622);
#721=EDGE_LOOP('',(#1623,#1624,#1625,#1626,#1627,#1628,#1629,#1630,#1631,#1632,#1633,#1634));
#722=AXIS2_PLACEMENT_3D('',#1635,#1636,#1637);
#723=EDGE_LOOP('',(#1638,#1639,#1640,#1641,#1642,#1643));
#724=AXIS2_PLACEMENT_3D('',#1644,#1645,#1646);
#725=EDGE_LOOP('',(#1647,#1648,#1649,#1650,#1651,#1652,#1653,#1654,#1655,#1656,#1657,#1658));
#726=AXIS2_PLACEMENT_3D('',#1659,#1660,#1661);
#727=EDGE_LOOP('',(#1662,#1663,#1664,#1665,#1666,#1667));
#728=AXIS2_PLACEMENT_3D('',#1668,#1669,#1670);
#729=EDGE_LOOP('',(#1671,#1672,#1673,#1674));
#730=AXIS2_PLACEMENT_3D('',#1675,#1676,#1677);
#731=EDGE_LOOP('',(#1678,#1679,#1680,#1681));
#732=AXIS2_PLACEMENT_3D('',#1682,#1683,#1684);
#733=EDGE_LOOP('',(#1685,#1686,#1687,#1688));
#734=AXIS2_PLACEMENT_3D('',#1689,#1690,#1691);
#735=EDGE_LOOP('',(#1692,#1693,#1694,#1695));
#736=AXIS2_PLACEMENT_3D('',#1696,#1697,#1698);
#737=EDGE_LOOP('',(#1699,#1700,#1701,#1702));
#738=AXIS2_PLACEMENT_3D('',#1703,#1704,#1705);
#739=EDGE_LOOP('',(#1706,#1707,#1708,#1709));
#740=AXIS2_PLACEMENT_3D('',#1710,#1711,#1712);
#741=EDGE_LOOP('',(#1713,#1714,#1715,#1716));
#742=AXIS2_PLACEMENT_3D('',#1717,#1718,#1719);
#743=EDGE_LOOP('',(#1720,#1721,#1722,#1723));
#744=AXIS2_PLACEMENT_3D('',#1724,#1725,#1726);
#745=EDGE_LOOP('',(#1727,#1728,#1729,#1730));
#746=AXIS2_PLACEMENT_3D('',#1731,#1732,#1733);
#747=EDGE_LOOP('',(#1734,#1735,#1736,#1737));
#748=AXIS2_PLACEMENT_3D('',#1738,#1739,#1740);
#749=EDGE_LOOP('',(#1741,#1742,#1743,#1744));
#750=AXIS2_PLACEMENT_3D('',#1745,#1746,#1747);
#751=EDGE_LOOP('',(#1748,#1749,#1750,#1751));
#752=AXIS2_PLACEMENT_3D('',#1752,#1753,#1754);
#753=EDGE_LOOP('',(#1755,#1756,#1757,#1758));
#754=AXIS2_PLACEMENT_3D('',#1759,#1760,#1761);
#755=EDGE_LOOP('',(#1762,#1763,#1764,#1765));
#756=AXIS2_PLACEMENT_3D('',#1766,#1767,#1768);
#757=EDGE_LOOP('',(#1769,#1770,#1771,#1772));
#758=AXIS2_PLACEMENT_3D('',#1773,#1774,#1775);
#759=EDGE_LOOP('',(#1776,#1777,#1778,#1779));
#760=AXIS2_PLACEMENT_3D('',#1780,#1781,#1782);
#761=EDGE_LOOP('',(#1783,#1784));
#762=EDGE_LOOP('',(#1785,#1786));
#763=EDGE_LOOP('',(#1787,#1788));
#764=EDGE_LOOP('',(#1789,#1790,#1791,#1792,#1793,#1794,#1795,#1796,#1797,#1798,#1799,#1800,#1801,#1802,#1803,#1804,#1805,#1806,#1807,#1808,#1809,#1810,#1811,#1812,#1813,#1814,#1815,#1816,#1817,#1818,#1819,#1820));
#765=AXIS2_PLACEMENT_3D('',#1821,#1822,#1823);
#766=EDGE_LOOP('',(#1824,#1825,#1826,#1827,#1828,#1829));
#767=AXIS2_PLACEMENT_3D('',#1830,#1831,#1832);
#768=EDGE_LOOP('',(#1833,#1834,#1835,#1836,#1837,#1838,#1839,#1840,#1841,#1842,#1843,#1844));
#769=AXIS2_PLACEMENT_3D('',#1845,#1846,#1847);
#770=EDGE_LOOP('',(#1848,#1849,#1850,#1851));
#771=AXIS2_PLACEMENT_3D('',#1852,#1853,#1854);
#772=EDGE_LOOP('',(#1855,#1856,#1857,#1858));
#773=AXIS2_PLACEMENT_3D('',#1859,#1860,#1861);
#774=EDGE_LOOP('',(#1862,#1863,#1864,#1865,#1866,#1867,#1868,#1869,#1870,#1871,#1872,#1873));
#775=AXIS2_PLACEMENT_3D('',#1874,#1875,#1876);
#776=EDGE_LOOP('',(#1877,#1878,#1879,#1880,#1881,#1882));
#777=AXIS2_PLACEMENT_3D('',#1883,#1884,#1885);
#778=EDGE_LOOP('',(#1886,#1887,#1888,#1889));
#779=AXIS2_PLACEMENT_3D('',#1890,#1891,#1892);
#780=EDGE_LOOP('',(#1893,#1894,#1895,#1896));
#781=AXIS2_PLACEMENT_3D('',#1897,#1898,#1899);
#782=EDGE_LOOP('',(#1900,#1901,#1902,#1903));
#783=AXIS2_PLACEMENT_3D('',#1904,#1905,#1906);
#784=EDGE_LOOP('',(#1907,#1908,#1909,#1910));
#785=AXIS2_PLACEMENT_3D('',#1911,#1912,#1913);
#786=EDGE_LOOP('',(#1914,#1915,#1916,#1917));
#787=AXIS2_PLACEMENT_3D('',#1918,#1919,#1920);
#788=EDGE_LOOP('',(#1921,#1922,#1923,#1924));
#789=AXIS2_PLACEMENT_3D('',#1925,#1926,#1927);
#790=EDGE_LOOP('',(#1928,#1929,#1930,#1931));
#791=AXIS2_PLACEMENT_3D('',#1932,#1933,#1934);
#792=EDGE_LOOP('',(#1935,#1936,#1937,#1938));
#793=AXIS2_PLACEMENT_3D('',#1939,#1940,#1941);
#794=ORIENTED_EDGE('',*,*,#1942,.T.);
#795=ORIENTED_EDGE('',*,*,#1943,.T.);
#796=ORIENTED_EDGE('',*,*,#1944,.T.);
#797=ORIENTED_EDGE('',*,*,#1945,.F.);
#798=CARTESIAN_POINT('',(0.0,17.608153125,0.0));
#799=DIRECTION('',(0.0,-1.0,-0.0));
#800=DIRECTION('',(1.0,0.0,0.0));
#801=ORIENTED_EDGE('',*,*,#1946,.F.);
#802=ORIENTED_EDGE('',*,*,#1947,.T.);
#803=ORIENTED_EDGE('',*,*,#1942,.F.);
#804=ORIENTED_EDGE('',*,*,#1948,.F.);
#805=CARTESIAN_POINT('',(0.0,17.608153125,0.0));
#806=DIRECTION('',(0.0,-1.0,-0.0));
#807=DIRECTION('',(1.0,0.0,0.0));
#808=ORIENTED_EDGE('',*,*,#1949,.F.);
#809=ORIENTED_EDGE('',*,*,#1950,.F.);
#810=ORIENTED_EDGE('',*,*,#1951,.F.);
#811=ORIENTED_EDGE('',*,*,#1952,.T.);
#812=CARTESIAN_POINT('',(0.0,17.53,0.0));
#813=DIRECTION('',(-0.0,1.0,0.0));
#814=DIRECTION('',(1.0,0.0,0.0));
#815=ORIENTED_EDGE('',*,*,#1953,.F.);
#816=ORIENTED_EDGE('',*,*,#1954,.F.);
#817=ORIENTED_EDGE('',*,*,#1955,.F.);
#818=ORIENTED_EDGE('',*,*,#1947,.F.);
#819=CARTESIAN_POINT('',(0.0,12.663153125,0.0));
#820=DIRECTION('',(-0.0,1.0,0.0));
#821=DIRECTION('',(1.0,0.0,0.0));
#822=ORIENTED_EDGE('',*,*,#1956,.F.);
#823=ORIENTED_EDGE('',*,*,#1957,.F.);
#824=ORIENTED_EDGE('',*,*,#1958,.F.);
#825=ORIENTED_EDGE('',*,*,#1959,.F.);
#826=ORIENTED_EDGE('',*,*,#1960,.F.);
#827=CARTESIAN_POINT('',(0.0,21.7451829739307,0.312382834658334));
#828=DIRECTION('',(-0.0,0.998026728428272,0.0627905195293134));
#829=DIRECTION('',(1.0,0.0,0.0));
#830=ORIENTED_EDGE('',*,*,#1961,.F.);
#831=ORIENTED_EDGE('',*,*,#1962,.F.);
#832=ORIENTED_EDGE('',*,*,#1963,.F.);
#833=ORIENTED_EDGE('',*,*,#1964,.F.);
#834=ORIENTED_EDGE('',*,*,#1965,.F.);
#835=ORIENTED_EDGE('',*,*,#1966,.F.);
#836=CARTESIAN_POINT('',(0.0,0.25,4.7));
#837=DIRECTION('',(1.0,0.0,0.0));
#838=DIRECTION('',(0.0,0.0,-1.0));
#839=ORIENTED_EDGE('',*,*,#1967,.F.);
#840=ORIENTED_EDGE('',*,*,#1968,.T.);
#841=ORIENTED_EDGE('',*,*,#1969,.F.);
#842=ORIENTED_EDGE('',*,*,#1970,.F.);
#843=CARTESIAN_POINT('',(1.38762511778388E-16,-2.50461206896552,3.7));
#844=DIRECTION('',(0.0,0.0,1.0));
#845=DIRECTION('',(1.0,0.0,0.0));
#846=ORIENTED_EDGE('',*,*,#1971,.F.);
#847=ORIENTED_EDGE('',*,*,#1970,.T.);
#848=ORIENTED_EDGE('',*,*,#1972,.F.);
#849=ORIENTED_EDGE('',*,*,#1973,.F.);
#850=CARTESIAN_POINT('',(0.595,-2.27,3.7));
#851=DIRECTION('',(1.0,0.0,0.0));
#852=DIRECTION('',(0.0,1.0,0.0));
#853=ORIENTED_EDGE('',*,*,#1974,.F.);
#854=ORIENTED_EDGE('',*,*,#1973,.T.);
#855=ORIENTED_EDGE('',*,*,#1975,.F.);
#856=ORIENTED_EDGE('',*,*,#1976,.F.);
#857=CARTESIAN_POINT('',(1.38762511778388E-16,-2.03538793103448,3.7));
#858=DIRECTION('',(0.0,0.0,1.0));
#859=DIRECTION('',(1.0,0.0,0.0));
#860=ORIENTED_EDGE('',*,*,#1977,.F.);
#861=ORIENTED_EDGE('',*,*,#1976,.T.);
#862=ORIENTED_EDGE('',*,*,#1978,.F.);
#863=ORIENTED_EDGE('',*,*,#1968,.F.);
#864=CARTESIAN_POINT('',(-0.595,-2.27,3.7));
#865=DIRECTION('',(-1.0,-0.0,0.0));
#866=DIRECTION('',(0.0,-1.0,-0.0));
#867=ORIENTED_EDGE('',*,*,#1974,.T.);
#868=ORIENTED_EDGE('',*,*,#1977,.T.);
#869=ORIENTED_EDGE('',*,*,#1967,.T.);
#870=ORIENTED_EDGE('',*,*,#1971,.T.);
#871=ORIENTED_EDGE('',*,*,#1964,.T.);
#872=ORIENTED_EDGE('',*,*,#1979,.T.);
#873=ORIENTED_EDGE('',*,*,#1980,.F.);
#874=ORIENTED_EDGE('',*,*,#1981,.T.);
#875=CARTESIAN_POINT('',(1.00816244543398E-16,-0.96,4.32));
#876=DIRECTION('',(0.0,0.0,1.0));
#877=DIRECTION('',(1.0,0.0,0.0));
#878=ORIENTED_EDGE('',*,*,#1963,.T.);
#879=ORIENTED_EDGE('',*,*,#1982,.T.);
#880=ORIENTED_EDGE('',*,*,#1983,.F.);
#881=ORIENTED_EDGE('',*,*,#1979,.F.);
#882=CARTESIAN_POINT('',(1.015,-0.96,4.32));
#883=DIRECTION('',(1.0,0.0,0.0));
#884=DIRECTION('',(0.0,1.0,0.0));
#885=ORIENTED_EDGE('',*,*,#1975,.T.);
#886=ORIENTED_EDGE('',*,*,#1972,.T.);
#887=ORIENTED_EDGE('',*,*,#1969,.T.);
#888=ORIENTED_EDGE('',*,*,#1978,.T.);
#889=ORIENTED_EDGE('',*,*,#1962,.T.);
#890=ORIENTED_EDGE('',*,*,#1984,.F.);
#891=ORIENTED_EDGE('',*,*,#1985,.F.);
#892=ORIENTED_EDGE('',*,*,#1982,.F.);
#893=CARTESIAN_POINT('',(1.00816244543398E-16,-0.96,5.08));
#894=DIRECTION('',(0.0,0.0,1.0));
#895=DIRECTION('',(1.0,0.0,0.0));
#896=ORIENTED_EDGE('',*,*,#1961,.T.);
#897=ORIENTED_EDGE('',*,*,#1981,.F.);
#898=ORIENTED_EDGE('',*,*,#1986,.T.);
#899=ORIENTED_EDGE('',*,*,#1984,.T.);
#900=CARTESIAN_POINT('',(-1.015,-0.96,4.32));
#901=DIRECTION('',(-1.0,-3.70074341541719E-17,0.0));
#902=DIRECTION('',(3.70074341541719E-17,-1.0,0.0));
#903=ORIENTED_EDGE('',*,*,#1985,.T.);
#904=ORIENTED_EDGE('',*,*,#1986,.F.);
#905=ORIENTED_EDGE('',*,*,#1980,.T.);
#906=ORIENTED_EDGE('',*,*,#1983,.T.);
#907=CARTESIAN_POINT('',(2.22044604925031E-16,-3.96,4.32));
#908=DIRECTION('',(0.0,-1.0,0.0));
#909=DIRECTION('',(1.0,0.0,0.0));
#910=ORIENTED_EDGE('',*,*,#1987,.F.);
#911=ORIENTED_EDGE('',*,*,#1988,.F.);
#912=ORIENTED_EDGE('',*,*,#1989,.F.);
#913=ORIENTED_EDGE('',*,*,#1990,.F.);
#914=ORIENTED_EDGE('',*,*,#1991,.F.);
#915=ORIENTED_EDGE('',*,*,#1992,.F.);
#916=CARTESIAN_POINT('',(0.0,0.25,-4.7));
#917=DIRECTION('',(1.0,0.0,0.0));
#918=DIRECTION('',(0.0,0.0,-1.0));
#919=ORIENTED_EDGE('',*,*,#1993,.F.);
#920=ORIENTED_EDGE('',*,*,#1994,.T.);
#921=ORIENTED_EDGE('',*,*,#1995,.F.);
#922=ORIENTED_EDGE('',*,*,#1996,.F.);
#923=CARTESIAN_POINT('',(1.38762511778388E-16,-2.50461206896552,-5.7));
#924=DIRECTION('',(0.0,0.0,1.0));
#925=DIRECTION('',(1.0,0.0,0.0));
#926=ORIENTED_EDGE('',*,*,#1997,.F.);
#927=ORIENTED_EDGE('',*,*,#1996,.T.);
#928=ORIENTED_EDGE('',*,*,#1998,.F.);
#929=ORIENTED_EDGE('',*,*,#1999,.F.);
#930=CARTESIAN_POINT('',(0.595,-2.27,-5.7));
#931=DIRECTION('',(1.0,0.0,0.0));
#932=DIRECTION('',(0.0,1.0,0.0));
#933=ORIENTED_EDGE('',*,*,#2000,.F.);
#934=ORIENTED_EDGE('',*,*,#1999,.T.);
#935=ORIENTED_EDGE('',*,*,#2001,.F.);
#936=ORIENTED_EDGE('',*,*,#2002,.F.);
#937=CARTESIAN_POINT('',(1.38762511778388E-16,-2.03538793103448,-5.7));
#938=DIRECTION('',(0.0,0.0,1.0));
#939=DIRECTION('',(1.0,0.0,0.0));
#940=ORIENTED_EDGE('',*,*,#2003,.F.);
#941=ORIENTED_EDGE('',*,*,#2002,.T.);
#942=ORIENTED_EDGE('',*,*,#2004,.F.);
#943=ORIENTED_EDGE('',*,*,#1994,.F.);
#944=CARTESIAN_POINT('',(-0.595,-2.27,-5.7));
#945=DIRECTION('',(-1.0,-0.0,0.0));
#946=DIRECTION('',(0.0,-1.0,-0.0));
#947=ORIENTED_EDGE('',*,*,#2000,.T.);
#948=ORIENTED_EDGE('',*,*,#2003,.T.);
#949=ORIENTED_EDGE('',*,*,#1993,.T.);
#950=ORIENTED_EDGE('',*,*,#1997,.T.);
#951=ORIENTED_EDGE('',*,*,#1990,.T.);
#952=ORIENTED_EDGE('',*,*,#2005,.T.);
#953=ORIENTED_EDGE('',*,*,#2006,.F.);
#954=ORIENTED_EDGE('',*,*,#2007,.T.);
#955=CARTESIAN_POINT('',(1.00816244543398E-16,-0.96,-5.08));
#956=DIRECTION('',(0.0,0.0,1.0));
#957=DIRECTION('',(1.0,0.0,0.0));
#958=ORIENTED_EDGE('',*,*,#1989,.T.);
#959=ORIENTED_EDGE('',*,*,#2008,.T.);
#960=ORIENTED_EDGE('',*,*,#2009,.F.);
#961=ORIENTED_EDGE('',*,*,#2005,.F.);
#962=CARTESIAN_POINT('',(1.015,-0.96,-5.08));
#963=DIRECTION('',(1.0,0.0,0.0));
#964=DIRECTION('',(0.0,1.0,0.0));
#965=ORIENTED_EDGE('',*,*,#2001,.T.);
#966=ORIENTED_EDGE('',*,*,#1998,.T.);
#967=ORIENTED_EDGE('',*,*,#1995,.T.);
#968=ORIENTED_EDGE('',*,*,#2004,.T.);
#969=ORIENTED_EDGE('',*,*,#1988,.T.);
#970=ORIENTED_EDGE('',*,*,#2010,.F.);
#971=ORIENTED_EDGE('',*,*,#2011,.F.);
#972=ORIENTED_EDGE('',*,*,#2008,.F.);
#973=CARTESIAN_POINT('',(1.00816244543398E-16,-0.96,-4.32));
#974=DIRECTION('',(0.0,0.0,1.0));
#975=DIRECTION('',(1.0,0.0,0.0));
#976=ORIENTED_EDGE('',*,*,#1987,.T.);
#977=ORIENTED_EDGE('',*,*,#2007,.F.);
#978=ORIENTED_EDGE('',*,*,#2012,.T.);
#979=ORIENTED_EDGE('',*,*,#2010,.T.);
#980=CARTESIAN_POINT('',(-1.015,-0.96,-5.08));
#981=DIRECTION('',(-1.0,-3.70074341541719E-17,0.0));
#982=DIRECTION('',(3.70074341541719E-17,-1.0,0.0));
#983=ORIENTED_EDGE('',*,*,#2011,.T.);
#984=ORIENTED_EDGE('',*,*,#2012,.F.);
#985=ORIENTED_EDGE('',*,*,#2006,.T.);
#986=ORIENTED_EDGE('',*,*,#2009,.T.);
#987=CARTESIAN_POINT('',(2.22044604925031E-16,-3.96,-5.08));
#988=DIRECTION('',(0.0,-1.0,0.0));
#989=DIRECTION('',(1.0,0.0,0.0));
#990=ORIENTED_EDGE('',*,*,#2013,.F.);
#991=ORIENTED_EDGE('',*,*,#2014,.F.);
#992=ORIENTED_EDGE('',*,*,#2015,.F.);
#993=ORIENTED_EDGE('',*,*,#2016,.F.);
#994=ORIENTED_EDGE('',*,*,#2017,.F.);
#995=ORIENTED_EDGE('',*,*,#2018,.F.);
#996=CARTESIAN_POINT('',(0.0,0.25,0.0));
#997=DIRECTION('',(1.0,0.0,0.0));
#998=DIRECTION('',(0.0,0.0,-1.0));
#999=ORIENTED_EDGE('',*,*,#2019,.F.);
#1000=ORIENTED_EDGE('',*,*,#2020,.T.);
#1001=ORIENTED_EDGE('',*,*,#2021,.F.);
#1002=ORIENTED_EDGE('',*,*,#2022,.F.);
#1003=CARTESIAN_POINT('',(1.38762511778388E-16,-2.50461206896552,-1.0));
#1004=DIRECTION('',(0.0,0.0,1.0));
#1005=DIRECTION('',(1.0,0.0,0.0));
#1006=ORIENTED_EDGE('',*,*,#2023,.F.);
#1007=ORIENTED_EDGE('',*,*,#2022,.T.);
#1008=ORIENTED_EDGE('',*,*,#2024,.F.);
#1009=ORIENTED_EDGE('',*,*,#2025,.F.);
#1010=CARTESIAN_POINT('',(0.595,-2.27,-1.0));
#1011=DIRECTION('',(1.0,0.0,0.0));
#1012=DIRECTION('',(0.0,1.0,0.0));
#1013=ORIENTED_EDGE('',*,*,#2026,.F.);
#1014=ORIENTED_EDGE('',*,*,#2025,.T.);
#1015=ORIENTED_EDGE('',*,*,#2027,.F.);
#1016=ORIENTED_EDGE('',*,*,#2028,.F.);
#1017=CARTESIAN_POINT('',(1.38762511778388E-16,-2.03538793103448,-1.0));
#1018=DIRECTION('',(0.0,0.0,1.0));
#1019=DIRECTION('',(1.0,0.0,0.0));
#1020=ORIENTED_EDGE('',*,*,#2029,.F.);
#1021=ORIENTED_EDGE('',*,*,#2028,.T.);
#1022=ORIENTED_EDGE('',*,*,#2030,.F.);
#1023=ORIENTED_EDGE('',*,*,#2020,.F.);
#1024=CARTESIAN_POINT('',(-0.595,-2.27,-1.0));
#1025=DIRECTION('',(-1.0,-0.0,0.0));
#1026=DIRECTION('',(0.0,-1.0,-0.0));
#1027=ORIENTED_EDGE('',*,*,#2026,.T.);
#1028=ORIENTED_EDGE('',*,*,#2029,.T.);
#1029=ORIENTED_EDGE('',*,*,#2019,.T.);
#1030=ORIENTED_EDGE('',*,*,#2023,.T.);
#1031=ORIENTED_EDGE('',*,*,#2016,.T.);
#1032=ORIENTED_EDGE('',*,*,#2031,.T.);
#1033=ORIENTED_EDGE('',*,*,#2032,.F.);
#1034=ORIENTED_EDGE('',*,*,#2033,.T.);
#1035=CARTESIAN_POINT('',(1.00816244543398E-16,-0.96,-0.38));
#1036=DIRECTION('',(0.0,0.0,1.0));
#1037=DIRECTION('',(1.0,0.0,0.0));
#1038=ORIENTED_EDGE('',*,*,#2015,.T.);
#1039=ORIENTED_EDGE('',*,*,#2034,.T.);
#1040=ORIENTED_EDGE('',*,*,#2035,.F.);
#1041=ORIENTED_EDGE('',*,*,#2031,.F.);
#1042=CARTESIAN_POINT('',(1.015,-0.96,-0.38));
#1043=DIRECTION('',(1.0,0.0,0.0));
#1044=DIRECTION('',(0.0,1.0,0.0));
#1045=ORIENTED_EDGE('',*,*,#2027,.T.);
#1046=ORIENTED_EDGE('',*,*,#2024,.T.);
#1047=ORIENTED_EDGE('',*,*,#2021,.T.);
#1048=ORIENTED_EDGE('',*,*,#2030,.T.);
#1049=ORIENTED_EDGE('',*,*,#2014,.T.);
#1050=ORIENTED_EDGE('',*,*,#2036,.F.);
#1051=ORIENTED_EDGE('',*,*,#2037,.F.);
#1052=ORIENTED_EDGE('',*,*,#2034,.F.);
#1053=CARTESIAN_POINT('',(1.00816244543398E-16,-0.96,0.38));
#1054=DIRECTION('',(0.0,0.0,1.0));
#1055=DIRECTION('',(1.0,0.0,0.0));
#1056=ORIENTED_EDGE('',*,*,#2013,.T.);
#1057=ORIENTED_EDGE('',*,*,#2033,.F.);
#1058=ORIENTED_EDGE('',*,*,#2038,.T.);
#1059=ORIENTED_EDGE('',*,*,#2036,.T.);
#1060=CARTESIAN_POINT('',(-1.015,-0.96,-0.38));
#1061=DIRECTION('',(-1.0,-3.70074341541719E-17,0.0));
#1062=DIRECTION('',(3.70074341541719E-17,-1.0,0.0));
#1063=ORIENTED_EDGE('',*,*,#2037,.T.);
#1064=ORIENTED_EDGE('',*,*,#2038,.F.);
#1065=ORIENTED_EDGE('',*,*,#2032,.T.);
#1066=ORIENTED_EDGE('',*,*,#2035,.T.);
#1067=CARTESIAN_POINT('',(2.22044604925031E-16,-3.96,-0.38));
#1068=DIRECTION('',(0.0,-1.0,0.0));
#1069=DIRECTION('',(1.0,0.0,0.0));
#1070=ORIENTED_EDGE('',*,*,#1956,.T.);
#1071=ORIENTED_EDGE('',*,*,#2039,.F.);
#1072=ORIENTED_EDGE('',*,*,#2040,.F.);
#1073=ORIENTED_EDGE('',*,*,#1958,.T.);
#1074=ORIENTED_EDGE('',*,*,#2041,.F.);
#1075=ORIENTED_EDGE('',*,*,#2042,.F.);
#1076=CARTESIAN_POINT('',(0.0,21.7451829739307,0.312382834658334));
#1077=DIRECTION('',(-0.0,0.998026728428272,0.0627905195293134));
#1078=DIRECTION('',(1.0,0.0,0.0));
#1079=ORIENTED_EDGE('',*,*,#1960,.T.);
#1080=ORIENTED_EDGE('',*,*,#1959,.T.);
#1081=ORIENTED_EDGE('',*,*,#2040,.T.);
#1082=ORIENTED_EDGE('',*,*,#2039,.T.);
#1083=CARTESIAN_POINT('',(0.0,26.7103659478613,0.624765669316668));
#1084=DIRECTION('',(0.0,-0.0627905195293134,0.998026728428272));
#1085=DIRECTION('',(1.0,0.0,0.0));
#1086=ORIENTED_EDGE('',*,*,#1953,.T.);
#1087=ORIENTED_EDGE('',*,*,#2043,.F.);
#1088=ORIENTED_EDGE('',*,*,#2044,.T.);
#1089=ORIENTED_EDGE('',*,*,#2045,.T.);
#1090=ORIENTED_EDGE('',*,*,#2046,.T.);
#1091=ORIENTED_EDGE('',*,*,#1943,.F.);
#1092=ORIENTED_EDGE('',*,*,#1955,.T.);
#1093=ORIENTED_EDGE('',*,*,#2047,.F.);
#1094=CARTESIAN_POINT('',(0.0,12.663153125,0.0));
#1095=DIRECTION('',(-0.0,1.0,0.0));
#1096=DIRECTION('',(1.0,0.0,0.0));
#1097=ORIENTED_EDGE('',*,*,#2048,.F.);
#1098=ORIENTED_EDGE('',*,*,#2049,.F.);
#1099=ORIENTED_EDGE('',*,*,#2050,.F.);
#1100=ORIENTED_EDGE('',*,*,#2051,.F.);
#1101=CARTESIAN_POINT('',(0.0,16.4,2.47));
#1102=DIRECTION('',(0.0,0.0,1.0));
#1103=DIRECTION('',(1.0,0.0,0.0));
#1104=ORIENTED_EDGE('',*,*,#2052,.F.);
#1105=ORIENTED_EDGE('',*,*,#2051,.T.);
#1106=ORIENTED_EDGE('',*,*,#2053,.F.);
#1107=ORIENTED_EDGE('',*,*,#2044,.F.);
#1108=ORIENTED_EDGE('',*,*,#2054,.F.);
#1109=CARTESIAN_POINT('',(0.51,16.4,2.97));
#1110=DIRECTION('',(-1.0,0.0,0.0));
#1111=DIRECTION('',(0.0,0.0,1.0));
#1112=ORIENTED_EDGE('',*,*,#2045,.F.);
#1113=ORIENTED_EDGE('',*,*,#2053,.T.);
#1114=ORIENTED_EDGE('',*,*,#2050,.T.);
#1115=ORIENTED_EDGE('',*,*,#2055,.F.);
#1116=CARTESIAN_POINT('',(0.0,8.9,2.97));
#1117=DIRECTION('',(0.0,1.0,0.0));
#1118=DIRECTION('',(0.0,0.0,1.0));
#1119=ORIENTED_EDGE('',*,*,#2056,.F.);
#1120=ORIENTED_EDGE('',*,*,#1944,.F.);
#1121=ORIENTED_EDGE('',*,*,#2046,.F.);
#1122=ORIENTED_EDGE('',*,*,#2055,.T.);
#1123=ORIENTED_EDGE('',*,*,#2049,.T.);
#1124=CARTESIAN_POINT('',(-0.51,16.4,2.97));
#1125=DIRECTION('',(1.0,0.0,0.0));
#1126=DIRECTION('',(0.0,0.0,-1.0));
#1127=ORIENTED_EDGE('',*,*,#2056,.T.);
#1128=ORIENTED_EDGE('',*,*,#2048,.T.);
#1129=ORIENTED_EDGE('',*,*,#2052,.T.);
#1130=ORIENTED_EDGE('',*,*,#2057,.T.);
#1131=ORIENTED_EDGE('',*,*,#1948,.T.);
#1132=ORIENTED_EDGE('',*,*,#1945,.T.);
#1133=ORIENTED_EDGE('',*,*,#2058,.F.);
#1134=ORIENTED_EDGE('',*,*,#1952,.F.);
#1135=CARTESIAN_POINT('',(2.628153125,17.78,0.0));
#1136=DIRECTION('',(-0.0,1.0,0.0));
#1137=DIRECTION('',(1.0,0.0,0.0));
#1138=ORIENTED_EDGE('',*,*,#1949,.T.);
#1139=ORIENTED_EDGE('',*,*,#2058,.T.);
#1140=ORIENTED_EDGE('',*,*,#1951,.T.);
#1141=ORIENTED_EDGE('',*,*,#2059,.F.);
#1142=CARTESIAN_POINT('',(0.0,17.53,0.0));
#1143=DIRECTION('',(-0.0,1.0,0.0));
#1144=DIRECTION('',(1.0,0.0,0.0));
#1145=ORIENTED_EDGE('',*,*,#2041,.T.);
#1146=ORIENTED_EDGE('',*,*,#1957,.T.);
#1147=ORIENTED_EDGE('',*,*,#2042,.T.);
#1148=ORIENTED_EDGE('',*,*,#2059,.T.);
#1149=ORIENTED_EDGE('',*,*,#1950,.T.);
#1150=CARTESIAN_POINT('',(1.2125,17.28,0.0));
#1151=DIRECTION('',(-0.0,1.0,0.0));
#1152=DIRECTION('',(1.0,0.0,0.0));
#1153=ORIENTED_EDGE('',*,*,#1946,.T.);
#1154=ORIENTED_EDGE('',*,*,#2057,.F.);
#1155=ORIENTED_EDGE('',*,*,#2054,.T.);
#1156=ORIENTED_EDGE('',*,*,#2043,.T.);
#1157=CARTESIAN_POINT('',(0.0,17.608153125,0.0));
#1158=DIRECTION('',(0.0,-1.0,-0.0));
#1159=DIRECTION('',(1.0,0.0,0.0));
#1160=ORIENTED_EDGE('',*,*,#2060,.F.);
#1161=ORIENTED_EDGE('',*,*,#2061,.F.);
#1162=ORIENTED_EDGE('',*,*,#2062,.T.);
#1163=ORIENTED_EDGE('',*,*,#2063,.T.);
#1164=ORIENTED_EDGE('',*,*,#2064,.F.);
#1165=ORIENTED_EDGE('',*,*,#2065,.F.);
#1166=ORIENTED_EDGE('',*,*,#2066,.F.);
#1167=ORIENTED_EDGE('',*,*,#2067,.T.);
#1168=ORIENTED_EDGE('',*,*,#2068,.T.);
#1169=ORIENTED_EDGE('',*,*,#2069,.T.);
#1170=ORIENTED_EDGE('',*,*,#2070,.T.);
#1171=ORIENTED_EDGE('',*,*,#2071,.T.);
#1172=CARTESIAN_POINT('',(-3.425,8.74,-8.88178419700125E-16));
#1173=DIRECTION('',(-1.0,4.65213402948114E-33,-7.59776235842708E-17));
#1174=DIRECTION('',(-7.59776235842708E-17,-6.12303176911189E-17,1.0));
#1175=ORIENTED_EDGE('',*,*,#2072,.F.);
#1176=ORIENTED_EDGE('',*,*,#2073,.T.);
#1177=ORIENTED_EDGE('',*,*,#2074,.T.);
#1178=ORIENTED_EDGE('',*,*,#2062,.F.);
#1179=CARTESIAN_POINT('',(-2.925,8.74,5.845));
#1180=DIRECTION('',(-0.0,1.0,6.12303176911189E-17));
#1181=DIRECTION('',(1.0,0.0,0.0));
#1182=ORIENTED_EDGE('',*,*,#2075,.F.);
#1183=ORIENTED_EDGE('',*,*,#2076,.T.);
#1184=ORIENTED_EDGE('',*,*,#2077,.T.);
#1185=ORIENTED_EDGE('',*,*,#2073,.F.);
#1186=CARTESIAN_POINT('',(0.0,8.74,6.345));
#1187=DIRECTION('',(0.0,-6.12303176911189E-17,1.0));
#1188=DIRECTION('',(1.0,0.0,0.0));
#1189=ORIENTED_EDGE('',*,*,#2078,.F.);
#1190=ORIENTED_EDGE('',*,*,#2079,.T.);
#1191=ORIENTED_EDGE('',*,*,#2080,.T.);
#1192=ORIENTED_EDGE('',*,*,#2076,.F.);
#1193=CARTESIAN_POINT('',(2.925,8.74,5.845));
#1194=DIRECTION('',(-0.0,1.0,6.12303176911189E-17));
#1195=DIRECTION('',(1.0,0.0,0.0));
#1196=ORIENTED_EDGE('',*,*,#2081,.F.);
#1197=ORIENTED_EDGE('',*,*,#2082,.F.);
#1198=ORIENTED_EDGE('',*,*,#2083,.T.);
#1199=ORIENTED_EDGE('',*,*,#2084,.T.);
#1200=ORIENTED_EDGE('',*,*,#2085,.T.);
#1201=ORIENTED_EDGE('',*,*,#2086,.T.);
#1202=ORIENTED_EDGE('',*,*,#2087,.T.);
#1203=ORIENTED_EDGE('',*,*,#2088,.F.);
#1204=ORIENTED_EDGE('',*,*,#2089,.F.);
#1205=ORIENTED_EDGE('',*,*,#2090,.T.);
#1206=ORIENTED_EDGE('',*,*,#2091,.T.);
#1207=ORIENTED_EDGE('',*,*,#2079,.F.);
#1208=CARTESIAN_POINT('',(3.425,8.74,0.0));
#1209=DIRECTION('',(1.0,-4.65213402948114E-33,7.59776235842708E-17));
#1210=DIRECTION('',(7.59776235842708E-17,6.12303176911189E-17,-1.0));
#1211=ORIENTED_EDGE('',*,*,#2092,.F.);
#1212=ORIENTED_EDGE('',*,*,#2093,.F.);
#1213=ORIENTED_EDGE('',*,*,#2094,.F.);
#1214=ORIENTED_EDGE('',*,*,#2087,.F.);
#1215=ORIENTED_EDGE('',*,*,#2095,.T.);
#1216=ORIENTED_EDGE('',*,*,#2096,.T.);
#1217=ORIENTED_EDGE('',*,*,#2097,.T.);
#1218=ORIENTED_EDGE('',*,*,#2083,.F.);
#1219=CARTESIAN_POINT('',(7.35522753814166E-16,8.74,-8.88178419700125E-16));
#1220=DIRECTION('',(-0.0,1.0,6.12303176911189E-17));
#1221=DIRECTION('',(1.0,0.0,0.0));
#1222=ORIENTED_EDGE('',*,*,#2098,.F.);
#1223=ORIENTED_EDGE('',*,*,#2099,.F.);
#1224=ORIENTED_EDGE('',*,*,#2100,.F.);
#1225=ORIENTED_EDGE('',*,*,#2101,.T.);
#1226=ORIENTED_EDGE('',*,*,#2102,.T.);
#1227=ORIENTED_EDGE('',*,*,#2103,.T.);
#1228=ORIENTED_EDGE('',*,*,#2104,.T.);
#1229=CARTESIAN_POINT('',(-2.98603108251557,0.329908639905185,3.05));
#1230=DIRECTION('',(1.22460635382238E-16,0.0,-1.0));
#1231=DIRECTION('',(-6.12303176911189E-17,-1.0,-7.49830360911069E-33));
#1232=ORIENTED_EDGE('',*,*,#2105,.F.);
#1233=ORIENTED_EDGE('',*,*,#2106,.T.);
#1234=ORIENTED_EDGE('',*,*,#2107,.F.);
#1235=ORIENTED_EDGE('',*,*,#2099,.T.);
#1236=CARTESIAN_POINT('',(-3.42,0.625,3.05));
#1237=DIRECTION('',(-1.0,6.12303176911189E-17,-1.22460635382238E-16));
#1238=DIRECTION('',(6.12303176911189E-17,1.0,7.49830360911069E-33));
#1239=ORIENTED_EDGE('',*,*,#2108,.T.);
#1240=ORIENTED_EDGE('',*,*,#2109,.F.);
#1241=ORIENTED_EDGE('',*,*,#2100,.T.);
#1242=ORIENTED_EDGE('',*,*,#2107,.T.);
#1243=CARTESIAN_POINT('',(-3.17,0.25,3.05));
#1244=DIRECTION('',(1.22460635382238E-16,0.0,-1.0));
#1245=DIRECTION('',(-6.12303176911189E-17,-1.0,-7.49830360911069E-33));
#1246=ORIENTED_EDGE('',*,*,#2110,.T.);
#1247=ORIENTED_EDGE('',*,*,#2111,.F.);
#1248=ORIENTED_EDGE('',*,*,#2101,.F.);
#1249=ORIENTED_EDGE('',*,*,#2109,.T.);
#1250=CARTESIAN_POINT('',(-2.695,-4.43919803260612E-17,3.05));
#1251=DIRECTION('',(-6.12303176911189E-17,-1.0,-7.49830360911069E-33));
#1252=DIRECTION('',(-1.0,6.12303176911189E-17,-1.22460635382238E-16));
#1253=ORIENTED_EDGE('',*,*,#2112,.T.);
#1254=ORIENTED_EDGE('',*,*,#2113,.F.);
#1255=ORIENTED_EDGE('',*,*,#2102,.F.);
#1256=ORIENTED_EDGE('',*,*,#2111,.T.);
#1257=CARTESIAN_POINT('',(-2.22,0.0999999999999999,3.05));
#1258=DIRECTION('',(1.0,-6.12303176911189E-17,1.22460635382238E-16));
#1259=DIRECTION('',(-6.12303176911189E-17,-1.0,-7.49830360911069E-33));
#1260=ORIENTED_EDGE('',*,*,#2114,.T.);
#1261=ORIENTED_EDGE('',*,*,#2115,.F.);
#1262=ORIENTED_EDGE('',*,*,#2103,.F.);
#1263=ORIENTED_EDGE('',*,*,#2113,.T.);
#1264=CARTESIAN_POINT('',(-2.645,0.2,3.05));
#1265=DIRECTION('',(6.12303176911189E-17,1.0,7.49830360911069E-33));
#1266=DIRECTION('',(1.0,-6.12303176911189E-17,1.22460635382238E-16));
#1267=ORIENTED_EDGE('',*,*,#2116,.T.);
#1268=ORIENTED_EDGE('',*,*,#2117,.F.);
#1269=ORIENTED_EDGE('',*,*,#2104,.F.);
#1270=ORIENTED_EDGE('',*,*,#2115,.T.);
#1271=CARTESIAN_POINT('',(-3.07,0.35,3.05));
#1272=DIRECTION('',(1.22460635382238E-16,0.0,-1.0));
#1273=DIRECTION('',(-6.12303176911189E-17,-1.0,-7.49830360911069E-33));
#1274=ORIENTED_EDGE('',*,*,#2118,.F.);
#1275=ORIENTED_EDGE('',*,*,#2116,.F.);
#1276=ORIENTED_EDGE('',*,*,#2114,.F.);
#1277=ORIENTED_EDGE('',*,*,#2112,.F.);
#1278=ORIENTED_EDGE('',*,*,#2110,.F.);
#1279=ORIENTED_EDGE('',*,*,#2108,.F.);
#1280=ORIENTED_EDGE('',*,*,#2106,.F.);
#1281=CARTESIAN_POINT('',(-2.98603108251557,0.329908639905185,2.45));
#1282=DIRECTION('',(1.22460635382238E-16,0.0,-1.0));
#1283=DIRECTION('',(-6.12303176911189E-17,-1.0,-7.49830360911069E-33));
#1284=ORIENTED_EDGE('',*,*,#2119,.F.);
#1285=ORIENTED_EDGE('',*,*,#2120,.F.);
#1286=ORIENTED_EDGE('',*,*,#2121,.F.);
#1287=ORIENTED_EDGE('',*,*,#2122,.T.);
#1288=ORIENTED_EDGE('',*,*,#2123,.T.);
#1289=ORIENTED_EDGE('',*,*,#2124,.T.);
#1290=ORIENTED_EDGE('',*,*,#2125,.T.);
#1291=CARTESIAN_POINT('',(2.98603108251557,0.329908639905185,-3.05));
#1292=DIRECTION('',(0.0,0.0,1.0));
#1293=DIRECTION('',(6.12303176911189E-17,-1.0,0.0));
#1294=ORIENTED_EDGE('',*,*,#2126,.F.);
#1295=ORIENTED_EDGE('',*,*,#2127,.T.);
#1296=ORIENTED_EDGE('',*,*,#2128,.F.);
#1297=ORIENTED_EDGE('',*,*,#2120,.T.);
#1298=CARTESIAN_POINT('',(3.42,0.625,-3.05));
#1299=DIRECTION('',(1.0,6.12303176911189E-17,0.0));
#1300=DIRECTION('',(-6.12303176911189E-17,1.0,0.0));
#1301=ORIENTED_EDGE('',*,*,#2129,.T.);
#1302=ORIENTED_EDGE('',*,*,#2130,.F.);
#1303=ORIENTED_EDGE('',*,*,#2121,.T.);
#1304=ORIENTED_EDGE('',*,*,#2128,.T.);
#1305=CARTESIAN_POINT('',(3.17,0.25,-3.05));
#1306=DIRECTION('',(0.0,0.0,1.0));
#1307=DIRECTION('',(6.12303176911189E-17,-1.0,0.0));
#1308=ORIENTED_EDGE('',*,*,#2131,.T.);
#1309=ORIENTED_EDGE('',*,*,#2132,.F.);
#1310=ORIENTED_EDGE('',*,*,#2122,.F.);
#1311=ORIENTED_EDGE('',*,*,#2130,.T.);
#1312=CARTESIAN_POINT('',(2.695,-4.43919803260612E-17,-3.05));
#1313=DIRECTION('',(6.12303176911189E-17,-1.0,0.0));
#1314=DIRECTION('',(1.0,6.12303176911189E-17,0.0));
#1315=ORIENTED_EDGE('',*,*,#2133,.T.);
#1316=ORIENTED_EDGE('',*,*,#2134,.F.);
#1317=ORIENTED_EDGE('',*,*,#2123,.F.);
#1318=ORIENTED_EDGE('',*,*,#2132,.T.);
#1319=CARTESIAN_POINT('',(2.22,0.0999999999999999,-3.05));
#1320=DIRECTION('',(-1.0,-6.12303176911189E-17,0.0));
#1321=DIRECTION('',(6.12303176911189E-17,-1.0,0.0));
#1322=ORIENTED_EDGE('',*,*,#2135,.T.);
#1323=ORIENTED_EDGE('',*,*,#2136,.F.);
#1324=ORIENTED_EDGE('',*,*,#2124,.F.);
#1325=ORIENTED_EDGE('',*,*,#2134,.T.);
#1326=CARTESIAN_POINT('',(2.645,0.2,-3.05));
#1327=DIRECTION('',(-6.12303176911189E-17,1.0,0.0));
#1328=DIRECTION('',(-1.0,-6.12303176911189E-17,-0.0));
#1329=ORIENTED_EDGE('',*,*,#2137,.T.);
#1330=ORIENTED_EDGE('',*,*,#2138,.F.);
#1331=ORIENTED_EDGE('',*,*,#2125,.F.);
#1332=ORIENTED_EDGE('',*,*,#2136,.T.);
#1333=CARTESIAN_POINT('',(3.07,0.35,-3.05));
#1334=DIRECTION('',(0.0,0.0,1.0));
#1335=DIRECTION('',(6.12303176911189E-17,-1.0,0.0));
#1336=ORIENTED_EDGE('',*,*,#2139,.F.);
#1337=ORIENTED_EDGE('',*,*,#2137,.F.);
#1338=ORIENTED_EDGE('',*,*,#2135,.F.);
#1339=ORIENTED_EDGE('',*,*,#2133,.F.);
#1340=ORIENTED_EDGE('',*,*,#2131,.F.);
#1341=ORIENTED_EDGE('',*,*,#2129,.F.);
#1342=ORIENTED_EDGE('',*,*,#2127,.F.);
#1343=CARTESIAN_POINT('',(2.98603108251557,0.329908639905185,-2.45));
#1344=DIRECTION('',(0.0,0.0,1.0));
#1345=DIRECTION('',(6.12303176911189E-17,-1.0,0.0));
#1346=ORIENTED_EDGE('',*,*,#2140,.F.);
#1347=ORIENTED_EDGE('',*,*,#2141,.F.);
#1348=ORIENTED_EDGE('',*,*,#2142,.F.);
#1349=ORIENTED_EDGE('',*,*,#2143,.T.);
#1350=ORIENTED_EDGE('',*,*,#2144,.T.);
#1351=ORIENTED_EDGE('',*,*,#2145,.T.);
#1352=ORIENTED_EDGE('',*,*,#2146,.T.);
#1353=CARTESIAN_POINT('',(-2.98603108251556,0.329908639905185,-2.45));
#1354=DIRECTION('',(1.22460635382238E-16,0.0,-1.0));
#1355=DIRECTION('',(-6.12303176911189E-17,-1.0,-7.49830360911069E-33));
#1356=ORIENTED_EDGE('',*,*,#2147,.F.);
#1357=ORIENTED_EDGE('',*,*,#2148,.T.);
#1358=ORIENTED_EDGE('',*,*,#2149,.F.);
#1359=ORIENTED_EDGE('',*,*,#2141,.T.);
#1360=CARTESIAN_POINT('',(-3.42,0.625,-2.45));
#1361=DIRECTION('',(-1.0,6.12303176911189E-17,-1.22460635382238E-16));
#1362=DIRECTION('',(6.12303176911189E-17,1.0,7.49830360911069E-33));
#1363=ORIENTED_EDGE('',*,*,#2150,.T.);
#1364=ORIENTED_EDGE('',*,*,#2151,.F.);
#1365=ORIENTED_EDGE('',*,*,#2142,.T.);
#1366=ORIENTED_EDGE('',*,*,#2149,.T.);
#1367=CARTESIAN_POINT('',(-3.17,0.25,-2.45));
#1368=DIRECTION('',(1.22460635382238E-16,0.0,-1.0));
#1369=DIRECTION('',(-6.12303176911189E-17,-1.0,-7.49830360911069E-33));
#1370=ORIENTED_EDGE('',*,*,#2152,.T.);
#1371=ORIENTED_EDGE('',*,*,#2153,.F.);
#1372=ORIENTED_EDGE('',*,*,#2143,.F.);
#1373=ORIENTED_EDGE('',*,*,#2151,.T.);
#1374=CARTESIAN_POINT('',(-2.695,-4.43919803260612E-17,-2.45));
#1375=DIRECTION('',(-6.12303176911189E-17,-1.0,-7.49830360911069E-33));
#1376=DIRECTION('',(-1.0,6.12303176911189E-17,-1.22460635382238E-16));
#1377=ORIENTED_EDGE('',*,*,#2154,.T.);
#1378=ORIENTED_EDGE('',*,*,#2155,.F.);
#1379=ORIENTED_EDGE('',*,*,#2144,.F.);
#1380=ORIENTED_EDGE('',*,*,#2153,.T.);
#1381=CARTESIAN_POINT('',(-2.22,0.0999999999999999,-2.45));
#1382=DIRECTION('',(1.0,-6.12303176911189E-17,1.22460635382238E-16));
#1383=DIRECTION('',(-6.12303176911189E-17,-1.0,-7.49830360911069E-33));
#1384=ORIENTED_EDGE('',*,*,#2156,.T.);
#1385=ORIENTED_EDGE('',*,*,#2157,.F.);
#1386=ORIENTED_EDGE('',*,*,#2145,.F.);
#1387=ORIENTED_EDGE('',*,*,#2155,.T.);
#1388=CARTESIAN_POINT('',(-2.645,0.2,-2.45));
#1389=DIRECTION('',(6.12303176911189E-17,1.0,7.49830360911069E-33));
#1390=DIRECTION('',(1.0,-6.12303176911189E-17,1.22460635382238E-16));
#1391=ORIENTED_EDGE('',*,*,#2158,.T.);
#1392=ORIENTED_EDGE('',*,*,#2159,.F.);
#1393=ORIENTED_EDGE('',*,*,#2146,.F.);
#1394=ORIENTED_EDGE('',*,*,#2157,.T.);
#1395=CARTESIAN_POINT('',(-3.07,0.35,-2.45));
#1396=DIRECTION('',(1.22460635382238E-16,0.0,-1.0));
#1397=DIRECTION('',(-6.12303176911189E-17,-1.0,-7.49830360911069E-33));
#1398=ORIENTED_EDGE('',*,*,#2160,.F.);
#1399=ORIENTED_EDGE('',*,*,#2158,.F.);
#1400=ORIENTED_EDGE('',*,*,#2156,.F.);
#1401=ORIENTED_EDGE('',*,*,#2154,.F.);
#1402=ORIENTED_EDGE('',*,*,#2152,.F.);
#1403=ORIENTED_EDGE('',*,*,#2150,.F.);
#1404=ORIENTED_EDGE('',*,*,#2148,.F.);
#1405=CARTESIAN_POINT('',(-2.98603108251556,0.329908639905185,-3.05));
#1406=DIRECTION('',(1.22460635382238E-16,0.0,-1.0));
#1407=DIRECTION('',(-6.12303176911189E-17,-1.0,-7.49830360911069E-33));
#1408=ORIENTED_EDGE('',*,*,#2161,.F.);
#1409=ORIENTED_EDGE('',*,*,#2162,.F.);
#1410=ORIENTED_EDGE('',*,*,#2163,.F.);
#1411=ORIENTED_EDGE('',*,*,#2164,.T.);
#1412=ORIENTED_EDGE('',*,*,#2165,.T.);
#1413=ORIENTED_EDGE('',*,*,#2166,.T.);
#1414=ORIENTED_EDGE('',*,*,#2167,.T.);
#1415=CARTESIAN_POINT('',(2.98603108251557,0.329908639905185,2.45));
#1416=DIRECTION('',(0.0,0.0,1.0));
#1417=DIRECTION('',(6.12303176911189E-17,-1.0,0.0));
#1418=ORIENTED_EDGE('',*,*,#2168,.F.);
#1419=ORIENTED_EDGE('',*,*,#2169,.T.);
#1420=ORIENTED_EDGE('',*,*,#2170,.F.);
#1421=ORIENTED_EDGE('',*,*,#2162,.T.);
#1422=CARTESIAN_POINT('',(3.42,0.625,2.45));
#1423=DIRECTION('',(1.0,6.12303176911189E-17,0.0));
#1424=DIRECTION('',(-6.12303176911189E-17,1.0,0.0));
#1425=ORIENTED_EDGE('',*,*,#2171,.T.);
#1426=ORIENTED_EDGE('',*,*,#2172,.F.);
#1427=ORIENTED_EDGE('',*,*,#2163,.T.);
#1428=ORIENTED_EDGE('',*,*,#2170,.T.);
#1429=CARTESIAN_POINT('',(3.17,0.25,2.45));
#1430=DIRECTION('',(0.0,0.0,1.0));
#1431=DIRECTION('',(6.12303176911189E-17,-1.0,0.0));
#1432=ORIENTED_EDGE('',*,*,#2173,.T.);
#1433=ORIENTED_EDGE('',*,*,#2174,.F.);
#1434=ORIENTED_EDGE('',*,*,#2164,.F.);
#1435=ORIENTED_EDGE('',*,*,#2172,.T.);
#1436=CARTESIAN_POINT('',(2.695,-4.43919803260612E-17,2.45));
#1437=DIRECTION('',(6.12303176911189E-17,-1.0,0.0));
#1438=DIRECTION('',(1.0,6.12303176911189E-17,0.0));
#1439=ORIENTED_EDGE('',*,*,#2175,.T.);
#1440=ORIENTED_EDGE('',*,*,#2176,.F.);
#1441=ORIENTED_EDGE('',*,*,#2165,.F.);
#1442=ORIENTED_EDGE('',*,*,#2174,.T.);
#1443=CARTESIAN_POINT('',(2.22,0.0999999999999999,2.45));
#1444=DIRECTION('',(-1.0,-6.12303176911189E-17,0.0));
#1445=DIRECTION('',(6.12303176911189E-17,-1.0,0.0));
#1446=ORIENTED_EDGE('',*,*,#2177,.T.);
#1447=ORIENTED_EDGE('',*,*,#2178,.F.);
#1448=ORIENTED_EDGE('',*,*,#2166,.F.);
#1449=ORIENTED_EDGE('',*,*,#2176,.T.);
#1450=CARTESIAN_POINT('',(2.645,0.2,2.45));
#1451=DIRECTION('',(-6.12303176911189E-17,1.0,0.0));
#1452=DIRECTION('',(-1.0,-6.12303176911189E-17,-0.0));
#1453=ORIENTED_EDGE('',*,*,#2179,.T.);
#1454=ORIENTED_EDGE('',*,*,#2180,.F.);
#1455=ORIENTED_EDGE('',*,*,#2167,.F.);
#1456=ORIENTED_EDGE('',*,*,#2178,.T.);
#1457=CARTESIAN_POINT('',(3.07,0.35,2.45));
#1458=DIRECTION('',(0.0,0.0,1.0));
#1459=DIRECTION('',(6.12303176911189E-17,-1.0,0.0));
#1460=ORIENTED_EDGE('',*,*,#2181,.F.);
#1461=ORIENTED_EDGE('',*,*,#2179,.F.);
#1462=ORIENTED_EDGE('',*,*,#2177,.F.);
#1463=ORIENTED_EDGE('',*,*,#2175,.F.);
#1464=ORIENTED_EDGE('',*,*,#2173,.F.);
#1465=ORIENTED_EDGE('',*,*,#2171,.F.);
#1466=ORIENTED_EDGE('',*,*,#2169,.F.);
#1467=CARTESIAN_POINT('',(2.98603108251557,0.329908639905185,3.05));
#1468=DIRECTION('',(0.0,0.0,1.0));
#1469=DIRECTION('',(6.12303176911189E-17,-1.0,0.0));
#1470=ORIENTED_EDGE('',*,*,#2182,.F.);
#1471=ORIENTED_EDGE('',*,*,#2183,.F.);
#1472=ORIENTED_EDGE('',*,*,#2184,.F.);
#1473=ORIENTED_EDGE('',*,*,#2185,.F.);
#1474=CARTESIAN_POINT('',(-3.13,4.57,-3.83301788746404E-16));
#1475=DIRECTION('',(-1.0,0.0,-1.22460635382238E-16));
#1476=DIRECTION('',(-1.22460635382238E-16,0.0,1.0));
#1477=ORIENTED_EDGE('',*,*,#2186,.F.);
#1478=ORIENTED_EDGE('',*,*,#2070,.F.);
#1479=ORIENTED_EDGE('',*,*,#2187,.T.);
#1480=ORIENTED_EDGE('',*,*,#2188,.T.);
#1481=ORIENTED_EDGE('',*,*,#2189,.T.);
#1482=ORIENTED_EDGE('',*,*,#2183,.T.);
#1483=CARTESIAN_POINT('',(-3.28,4.57,4.4));
#1484=DIRECTION('',(1.22460635382238E-16,0.0,-1.0));
#1485=DIRECTION('',(-1.0,0.0,-1.22460635382238E-16));
#1486=ORIENTED_EDGE('',*,*,#2190,.F.);
#1487=ORIENTED_EDGE('',*,*,#2185,.T.);
#1488=ORIENTED_EDGE('',*,*,#2191,.T.);
#1489=ORIENTED_EDGE('',*,*,#2192,.T.);
#1490=ORIENTED_EDGE('',*,*,#2193,.T.);
#1491=ORIENTED_EDGE('',*,*,#2068,.F.);
#1492=CARTESIAN_POINT('',(-3.28,4.57,-4.4));
#1493=DIRECTION('',(1.22460635382238E-16,0.0,-1.0));
#1494=DIRECTION('',(-1.0,0.0,-1.22460635382238E-16));
#1495=ORIENTED_EDGE('',*,*,#2105,.T.);
#1496=ORIENTED_EDGE('',*,*,#2098,.T.);
#1497=ORIENTED_EDGE('',*,*,#2117,.T.);
#1498=ORIENTED_EDGE('',*,*,#2118,.T.);
#1499=ORIENTED_EDGE('',*,*,#2147,.T.);
#1500=ORIENTED_EDGE('',*,*,#2140,.T.);
#1501=ORIENTED_EDGE('',*,*,#2159,.T.);
#1502=ORIENTED_EDGE('',*,*,#2160,.T.);
#1503=ORIENTED_EDGE('',*,*,#2184,.T.);
#1504=ORIENTED_EDGE('',*,*,#2189,.F.);
#1505=ORIENTED_EDGE('',*,*,#2194,.F.);
#1506=ORIENTED_EDGE('',*,*,#2191,.F.);
#1507=CARTESIAN_POINT('',(-3.28,0.35,-4.0167088405374E-16));
#1508=DIRECTION('',(0.0,1.0,0.0));
#1509=DIRECTION('',(1.22460635382238E-16,0.0,-1.0));
#1510=ORIENTED_EDGE('',*,*,#2069,.F.);
#1511=ORIENTED_EDGE('',*,*,#2193,.F.);
#1512=ORIENTED_EDGE('',*,*,#2195,.T.);
#1513=ORIENTED_EDGE('',*,*,#2187,.F.);
#1514=CARTESIAN_POINT('',(-3.28,8.79,-4.0167088405374E-16));
#1515=DIRECTION('',(-0.0,-1.0,0.0));
#1516=DIRECTION('',(-1.22460635382238E-16,0.0,1.0));
#1517=ORIENTED_EDGE('',*,*,#2194,.T.);
#1518=ORIENTED_EDGE('',*,*,#2188,.F.);
#1519=ORIENTED_EDGE('',*,*,#2195,.F.);
#1520=ORIENTED_EDGE('',*,*,#2192,.F.);
#1521=CARTESIAN_POINT('',(-3.43,4.57,-4.20039979361075E-16));
#1522=DIRECTION('',(1.0,0.0,1.22460635382238E-16));
#1523=DIRECTION('',(1.22460635382238E-16,0.0,-1.0));
#1524=ORIENTED_EDGE('',*,*,#2096,.F.);
#1525=ORIENTED_EDGE('',*,*,#2196,.F.);
#1526=ORIENTED_EDGE('',*,*,#2197,.F.);
#1527=ORIENTED_EDGE('',*,*,#2198,.F.);
#1528=CARTESIAN_POINT('',(3.13,4.57,0.0));
#1529=DIRECTION('',(1.0,0.0,0.0));
#1530=DIRECTION('',(0.0,0.0,-1.0));
#1531=ORIENTED_EDGE('',*,*,#2095,.F.);
#1532=ORIENTED_EDGE('',*,*,#2086,.F.);
#1533=ORIENTED_EDGE('',*,*,#2199,.T.);
#1534=ORIENTED_EDGE('',*,*,#2200,.T.);
#1535=ORIENTED_EDGE('',*,*,#2201,.T.);
#1536=ORIENTED_EDGE('',*,*,#2196,.T.);
#1537=CARTESIAN_POINT('',(3.28,4.57,-4.4));
#1538=DIRECTION('',(0.0,0.0,1.0));
#1539=DIRECTION('',(1.0,0.0,0.0));
#1540=ORIENTED_EDGE('',*,*,#2097,.F.);
#1541=ORIENTED_EDGE('',*,*,#2198,.T.);
#1542=ORIENTED_EDGE('',*,*,#2202,.T.);
#1543=ORIENTED_EDGE('',*,*,#2203,.T.);
#1544=ORIENTED_EDGE('',*,*,#2204,.T.);
#1545=ORIENTED_EDGE('',*,*,#2084,.F.);
#1546=CARTESIAN_POINT('',(3.28,4.57,4.4));
#1547=DIRECTION('',(0.0,0.0,1.0));
#1548=DIRECTION('',(1.0,0.0,0.0));
#1549=ORIENTED_EDGE('',*,*,#2126,.T.);
#1550=ORIENTED_EDGE('',*,*,#2119,.T.);
#1551=ORIENTED_EDGE('',*,*,#2138,.T.);
#1552=ORIENTED_EDGE('',*,*,#2139,.T.);
#1553=ORIENTED_EDGE('',*,*,#2168,.T.);
#1554=ORIENTED_EDGE('',*,*,#2161,.T.);
#1555=ORIENTED_EDGE('',*,*,#2180,.T.);
#1556=ORIENTED_EDGE('',*,*,#2181,.T.);
#1557=ORIENTED_EDGE('',*,*,#2197,.T.);
#1558=ORIENTED_EDGE('',*,*,#2201,.F.);
#1559=ORIENTED_EDGE('',*,*,#2205,.F.);
#1560=ORIENTED_EDGE('',*,*,#2202,.F.);
#1561=CARTESIAN_POINT('',(3.28,0.35,0.0));
#1562=DIRECTION('',(0.0,1.0,0.0));
#1563=DIRECTION('',(0.0,0.0,1.0));
#1564=ORIENTED_EDGE('',*,*,#2085,.F.);
#1565=ORIENTED_EDGE('',*,*,#2204,.F.);
#1566=ORIENTED_EDGE('',*,*,#2206,.T.);
#1567=ORIENTED_EDGE('',*,*,#2199,.F.);
#1568=CARTESIAN_POINT('',(3.28,8.79,0.0));
#1569=DIRECTION('',(0.0,-1.0,0.0));
#1570=DIRECTION('',(0.0,0.0,-1.0));
#1571=ORIENTED_EDGE('',*,*,#2205,.T.);
#1572=ORIENTED_EDGE('',*,*,#2200,.F.);
#1573=ORIENTED_EDGE('',*,*,#2206,.F.);
#1574=ORIENTED_EDGE('',*,*,#2203,.F.);
#1575=CARTESIAN_POINT('',(3.43,4.57,0.0));
#1576=DIRECTION('',(-1.0,0.0,0.0));
#1577=DIRECTION('',(0.0,0.0,1.0));
#1578=ORIENTED_EDGE('',*,*,#2207,.F.);
#1579=ORIENTED_EDGE('',*,*,#2064,.T.);
#1580=ORIENTED_EDGE('',*,*,#2208,.T.);
#1581=ORIENTED_EDGE('',*,*,#2209,.F.);
#1582=CARTESIAN_POINT('',(-2.925,8.74,-5.845));
#1583=DIRECTION('',(-0.0,1.0,6.12303176911189E-17));
#1584=DIRECTION('',(1.0,0.0,0.0));
#1585=ORIENTED_EDGE('',*,*,#2210,.F.);
#1586=ORIENTED_EDGE('',*,*,#2209,.T.);
#1587=ORIENTED_EDGE('',*,*,#2211,.T.);
#1588=ORIENTED_EDGE('',*,*,#2212,.F.);
#1589=CARTESIAN_POINT('',(4.44089209850063E-16,8.74,-6.345));
#1590=DIRECTION('',(0.0,6.12303176911189E-17,-1.0));
#1591=DIRECTION('',(-1.0,0.0,0.0));
#1592=ORIENTED_EDGE('',*,*,#2213,.F.);
#1593=ORIENTED_EDGE('',*,*,#2212,.T.);
#1594=ORIENTED_EDGE('',*,*,#2214,.T.);
#1595=ORIENTED_EDGE('',*,*,#2090,.F.);
#1596=CARTESIAN_POINT('',(2.925,8.74,-5.845));
#1597=DIRECTION('',(-0.0,1.0,6.12303176911189E-17));
#1598=DIRECTION('',(1.0,0.0,0.0));
#1599=ORIENTED_EDGE('',*,*,#1954,.T.);
#1600=ORIENTED_EDGE('',*,*,#2047,.T.);
#1601=ORIENTED_EDGE('',*,*,#2074,.F.);
#1602=ORIENTED_EDGE('',*,*,#2077,.F.);
#1603=ORIENTED_EDGE('',*,*,#2080,.F.);
#1604=ORIENTED_EDGE('',*,*,#2091,.F.);
#1605=ORIENTED_EDGE('',*,*,#2214,.F.);
#1606=ORIENTED_EDGE('',*,*,#2211,.F.);
#1607=ORIENTED_EDGE('',*,*,#2208,.F.);
#1608=ORIENTED_EDGE('',*,*,#2063,.F.);
#1609=CARTESIAN_POINT('',(7.35522753814166E-16,8.89,-8.88178419700125E-16));
#1610=DIRECTION('',(-0.0,1.0,6.12303176911189E-17));
#1611=DIRECTION('',(1.0,0.0,0.0));
#1612=ORIENTED_EDGE('',*,*,#2215,.F.);
#1613=ORIENTED_EDGE('',*,*,#2071,.F.);
#1614=ORIENTED_EDGE('',*,*,#2186,.T.);
#1615=ORIENTED_EDGE('',*,*,#2182,.T.);
#1616=ORIENTED_EDGE('',*,*,#2190,.T.);
#1617=ORIENTED_EDGE('',*,*,#2067,.F.);
#1618=ORIENTED_EDGE('',*,*,#2216,.F.);
#1619=ORIENTED_EDGE('',*,*,#2217,.F.);
#1620=CARTESIAN_POINT('',(7.35522753814166E-16,8.74,-8.88178419700125E-16));
#1621=DIRECTION('',(-0.0,1.0,6.12303176911189E-17));
#1622=DIRECTION('',(1.0,0.0,0.0));
#1623=ORIENTED_EDGE('',*,*,#2217,.T.);
#1624=ORIENTED_EDGE('',*,*,#2218,.T.);
#1625=ORIENTED_EDGE('',*,*,#2219,.F.);
#1626=ORIENTED_EDGE('',*,*,#2220,.T.);
#1627=ORIENTED_EDGE('',*,*,#2221,.T.);
#1628=ORIENTED_EDGE('',*,*,#2222,.T.);
#1629=ORIENTED_EDGE('',*,*,#2223,.F.);
#1630=ORIENTED_EDGE('',*,*,#2224,.T.);
#1631=ORIENTED_EDGE('',*,*,#2225,.T.);
#1632=ORIENTED_EDGE('',*,*,#2226,.T.);
#1633=ORIENTED_EDGE('',*,*,#2227,.F.);
#1634=ORIENTED_EDGE('',*,*,#2228,.T.);
#1635=CARTESIAN_POINT('',(-3.03,4.945,-3.7105572520818E-16));
#1636=DIRECTION('',(-1.0,0.0,-1.22460635382238E-16));
#1637=DIRECTION('',(-1.22460635382238E-16,0.0,1.0));
#1638=ORIENTED_EDGE('',*,*,#2216,.T.);
#1639=ORIENTED_EDGE('',*,*,#2066,.T.);
#1640=ORIENTED_EDGE('',*,*,#2229,.F.);
#1641=ORIENTED_EDGE('',*,*,#2230,.F.);
#1642=ORIENTED_EDGE('',*,*,#2231,.F.);
#1643=ORIENTED_EDGE('',*,*,#2218,.F.);
#1644=CARTESIAN_POINT('',(-3.53,4.945,-4.5));
#1645=DIRECTION('',(1.22460635382238E-16,0.0,-1.0));
#1646=DIRECTION('',(-1.0,0.0,-1.22460635382238E-16));
#1647=ORIENTED_EDGE('',*,*,#2065,.T.);
#1648=ORIENTED_EDGE('',*,*,#2207,.T.);
#1649=ORIENTED_EDGE('',*,*,#2210,.T.);
#1650=ORIENTED_EDGE('',*,*,#2213,.T.);
#1651=ORIENTED_EDGE('',*,*,#2089,.T.);
#1652=ORIENTED_EDGE('',*,*,#2232,.T.);
#1653=ORIENTED_EDGE('',*,*,#2233,.F.);
#1654=ORIENTED_EDGE('',*,*,#2234,.F.);
#1655=ORIENTED_EDGE('',*,*,#2235,.F.);
#1656=ORIENTED_EDGE('',*,*,#2236,.F.);
#1657=ORIENTED_EDGE('',*,*,#2237,.F.);
#1658=ORIENTED_EDGE('',*,*,#2229,.T.);
#1659=CARTESIAN_POINT('',(-3.05311331771918E-16,8.79,-8.88178419700125E-16));
#1660=DIRECTION('',(-0.0,1.0,6.12303176911189E-17));
#1661=DIRECTION('',(1.0,0.0,0.0));
#1662=ORIENTED_EDGE('',*,*,#2088,.T.);
#1663=ORIENTED_EDGE('',*,*,#2094,.T.);
#1664=ORIENTED_EDGE('',*,*,#2238,.F.);
#1665=ORIENTED_EDGE('',*,*,#2239,.F.);
#1666=ORIENTED_EDGE('',*,*,#2240,.F.);
#1667=ORIENTED_EDGE('',*,*,#2232,.F.);
#1668=CARTESIAN_POINT('',(3.53,4.945,-4.5));
#1669=DIRECTION('',(0.0,0.0,1.0));
#1670=DIRECTION('',(1.0,0.0,0.0));
#1671=ORIENTED_EDGE('',*,*,#2226,.F.);
#1672=ORIENTED_EDGE('',*,*,#2241,.T.);
#1673=ORIENTED_EDGE('',*,*,#2242,.T.);
#1674=ORIENTED_EDGE('',*,*,#2243,.F.);
#1675=CARTESIAN_POINT('',(-3.19347854807011,0.22,3.91620351855615));
#1676=DIRECTION('',(0.455071506432958,-8.238700915917E-17,0.89045489724794));
#1677=DIRECTION('',(-0.89045489724794,2.66586633370379E-17,0.455071506432958));
#1678=ORIENTED_EDGE('',*,*,#2221,.F.);
#1679=ORIENTED_EDGE('',*,*,#2244,.T.);
#1680=ORIENTED_EDGE('',*,*,#2245,.T.);
#1681=ORIENTED_EDGE('',*,*,#2246,.F.);
#1682=CARTESIAN_POINT('',(-3.57085743937403,0.22,3.79973410358905E-06));
#1683=DIRECTION('',(-6.12303176911189E-17,-1.0,-6.12303176911189E-17));
#1684=DIRECTION('',(-1.22460635382238E-16,-6.12303176911189E-17,1.0));
#1685=ORIENTED_EDGE('',*,*,#2225,.F.);
#1686=ORIENTED_EDGE('',*,*,#2247,.T.);
#1687=ORIENTED_EDGE('',*,*,#2248,.T.);
#1688=ORIENTED_EDGE('',*,*,#2241,.F.);
#1689=CARTESIAN_POINT('',(-3.57085743937403,0.22,3.79973410358905E-06));
#1690=DIRECTION('',(-6.12303176911189E-17,-1.0,-6.12303176911189E-17));
#1691=DIRECTION('',(-1.22460635382238E-16,-6.12303176911189E-17,1.0));
#1692=ORIENTED_EDGE('',*,*,#2222,.F.);
#1693=ORIENTED_EDGE('',*,*,#2246,.T.);
#1694=ORIENTED_EDGE('',*,*,#2249,.T.);
#1695=ORIENTED_EDGE('',*,*,#2250,.F.);
#1696=CARTESIAN_POINT('',(-3.12365603104448,0.22,-1.62346081552979));
#1697=DIRECTION('',(0.453495047079971,-8.23397050565325E-17,0.891258796463707));
#1698=DIRECTION('',(-0.891258796463707,2.68044134484215E-17,0.453495047079971));
#1699=ORIENTED_EDGE('',*,*,#2251,.F.);
#1700=ORIENTED_EDGE('',*,*,#2242,.F.);
#1701=ORIENTED_EDGE('',*,*,#2248,.F.);
#1702=ORIENTED_EDGE('',*,*,#2252,.T.);
#1703=CARTESIAN_POINT('',(-2.23,0.22,2.75));
#1704=DIRECTION('',(-6.12303176911189E-17,-1.0,-6.12303176911189E-17));
#1705=DIRECTION('',(-1.22460635382238E-16,-6.12303176911189E-17,1.0));
#1706=ORIENTED_EDGE('',*,*,#2224,.F.);
#1707=ORIENTED_EDGE('',*,*,#2253,.F.);
#1708=ORIENTED_EDGE('',*,*,#2252,.F.);
#1709=ORIENTED_EDGE('',*,*,#2247,.F.);
#1710=CARTESIAN_POINT('',(-3.10638863421378,0.22,1.63155655620647));
#1711=DIRECTION('',(0.453069243840144,2.68437438057933E-17,-0.891475327917784));
#1712=DIRECTION('',(0.891475327917784,-8.23268912786073E-17,0.453069243840144));
#1713=ORIENTED_EDGE('',*,*,#2254,.F.);
#1714=ORIENTED_EDGE('',*,*,#2249,.F.);
#1715=ORIENTED_EDGE('',*,*,#2245,.F.);
#1716=ORIENTED_EDGE('',*,*,#2255,.T.);
#1717=CARTESIAN_POINT('',(-2.23,0.22,-2.75));
#1718=DIRECTION('',(-6.12303176911189E-17,-1.0,-6.12303176911189E-17));
#1719=DIRECTION('',(-1.22460635382238E-16,-6.12303176911189E-17,1.0));
#1720=ORIENTED_EDGE('',*,*,#2220,.F.);
#1721=ORIENTED_EDGE('',*,*,#2256,.F.);
#1722=ORIENTED_EDGE('',*,*,#2255,.F.);
#1723=ORIENTED_EDGE('',*,*,#2244,.F.);
#1724=CARTESIAN_POINT('',(-3.21134662367865,0.22,-3.92460538843379));
#1725=DIRECTION('',(0.455494119077224,2.66195544618089E-17,-0.890238792395649));
#1726=DIRECTION('',(0.890238792395649,-8.23996536968784E-17,0.455494119077224));
#1727=ORIENTED_EDGE('',*,*,#2257,.F.);
#1728=ORIENTED_EDGE('',*,*,#2258,.F.);
#1729=ORIENTED_EDGE('',*,*,#2259,.F.);
#1730=ORIENTED_EDGE('',*,*,#2260,.T.);
#1731=CARTESIAN_POINT('',(2.23,0.22,-2.75));
#1732=DIRECTION('',(6.12303176911189E-17,-1.0,6.12303176911189E-17));
#1733=DIRECTION('',(3.74915180455534E-33,-6.12303176911189E-17,-1.0));
#1734=ORIENTED_EDGE('',*,*,#2261,.F.);
#1735=ORIENTED_EDGE('',*,*,#2260,.F.);
#1736=ORIENTED_EDGE('',*,*,#2262,.F.);
#1737=ORIENTED_EDGE('',*,*,#2263,.F.);
#1738=CARTESIAN_POINT('',(3.10638863421378,0.22,-1.63155655620647));
#1739=DIRECTION('',(-0.453069243840144,2.68437438057933E-17,0.891475327917784));
#1740=DIRECTION('',(-0.891475327917784,-8.23268912786073E-17,-0.453069243840144));
#1741=ORIENTED_EDGE('',*,*,#2264,.F.);
#1742=ORIENTED_EDGE('',*,*,#2265,.F.);
#1743=ORIENTED_EDGE('',*,*,#2266,.F.);
#1744=ORIENTED_EDGE('',*,*,#2267,.T.);
#1745=CARTESIAN_POINT('',(2.23,0.22,2.75));
#1746=DIRECTION('',(6.12303176911189E-17,-1.0,6.12303176911189E-17));
#1747=DIRECTION('',(3.74915180455534E-33,-6.12303176911189E-17,-1.0));
#1748=ORIENTED_EDGE('',*,*,#2268,.F.);
#1749=ORIENTED_EDGE('',*,*,#2269,.T.);
#1750=ORIENTED_EDGE('',*,*,#2266,.T.);
#1751=ORIENTED_EDGE('',*,*,#2270,.F.);
#1752=CARTESIAN_POINT('',(3.57085743937403,0.22,-3.79973410402634E-06));
#1753=DIRECTION('',(6.12303176911189E-17,-1.0,6.12303176911189E-17));
#1754=DIRECTION('',(3.74915180455534E-33,-6.12303176911189E-17,-1.0));
#1755=ORIENTED_EDGE('',*,*,#2271,.F.);
#1756=ORIENTED_EDGE('',*,*,#2267,.F.);
#1757=ORIENTED_EDGE('',*,*,#2269,.F.);
#1758=ORIENTED_EDGE('',*,*,#2272,.F.);
#1759=CARTESIAN_POINT('',(3.21134662367865,0.22,3.92460538843379));
#1760=DIRECTION('',(-0.455494119077224,2.66195544618089E-17,0.890238792395649));
#1761=DIRECTION('',(-0.890238792395649,-8.23996536968784E-17,-0.455494119077224));
#1762=ORIENTED_EDGE('',*,*,#2273,.F.);
#1763=ORIENTED_EDGE('',*,*,#2274,.F.);
#1764=ORIENTED_EDGE('',*,*,#2275,.T.);
#1765=ORIENTED_EDGE('',*,*,#2258,.T.);
#1766=CARTESIAN_POINT('',(3.19347854807011,0.22,-3.91620351855615));
#1767=DIRECTION('',(-0.455071506432958,-8.238700915917E-17,-0.890454897247939));
#1768=DIRECTION('',(0.890454897247939,2.66586633370379E-17,-0.455071506432958));
#1769=ORIENTED_EDGE('',*,*,#2276,.F.);
#1770=ORIENTED_EDGE('',*,*,#2277,.F.);
#1771=ORIENTED_EDGE('',*,*,#2270,.T.);
#1772=ORIENTED_EDGE('',*,*,#2265,.T.);
#1773=CARTESIAN_POINT('',(3.12365603104448,0.22,1.62346081552979));
#1774=DIRECTION('',(-0.453495047079971,-8.23397050565325E-17,-0.891258796463707));
#1775=DIRECTION('',(0.891258796463707,2.68044134484215E-17,-0.453495047079971));
#1776=ORIENTED_EDGE('',*,*,#2278,.F.);
#1777=ORIENTED_EDGE('',*,*,#2262,.T.);
#1778=ORIENTED_EDGE('',*,*,#2259,.T.);
#1779=ORIENTED_EDGE('',*,*,#2275,.F.);
#1780=CARTESIAN_POINT('',(3.57085743937403,0.22,-3.79973410402634E-06));
#1781=DIRECTION('',(6.12303176911189E-17,-1.0,6.12303176911189E-17));
#1782=DIRECTION('',(3.74915180455534E-33,-6.12303176911189E-17,-1.0));
#1783=ORIENTED_EDGE('',*,*,#1965,.T.);
#1784=ORIENTED_EDGE('',*,*,#1966,.T.);
#1785=ORIENTED_EDGE('',*,*,#1991,.T.);
#1786=ORIENTED_EDGE('',*,*,#1992,.T.);
#1787=ORIENTED_EDGE('',*,*,#2017,.T.);
#1788=ORIENTED_EDGE('',*,*,#2018,.T.);
#1789=ORIENTED_EDGE('',*,*,#2253,.T.);
#1790=ORIENTED_EDGE('',*,*,#2223,.T.);
#1791=ORIENTED_EDGE('',*,*,#2250,.T.);
#1792=ORIENTED_EDGE('',*,*,#2254,.T.);
#1793=ORIENTED_EDGE('',*,*,#2256,.T.);
#1794=ORIENTED_EDGE('',*,*,#2219,.T.);
#1795=ORIENTED_EDGE('',*,*,#2231,.T.);
#1796=ORIENTED_EDGE('',*,*,#2279,.F.);
#1797=ORIENTED_EDGE('',*,*,#2280,.F.);
#1798=ORIENTED_EDGE('',*,*,#2281,.F.);
#1799=ORIENTED_EDGE('',*,*,#2282,.F.);
#1800=ORIENTED_EDGE('',*,*,#2283,.F.);
#1801=ORIENTED_EDGE('',*,*,#2239,.T.);
#1802=ORIENTED_EDGE('',*,*,#2284,.T.);
#1803=ORIENTED_EDGE('',*,*,#2273,.T.);
#1804=ORIENTED_EDGE('',*,*,#2257,.T.);
#1805=ORIENTED_EDGE('',*,*,#2261,.T.);
#1806=ORIENTED_EDGE('',*,*,#2285,.T.);
#1807=ORIENTED_EDGE('',*,*,#2276,.T.);
#1808=ORIENTED_EDGE('',*,*,#2264,.T.);
#1809=ORIENTED_EDGE('',*,*,#2271,.T.);
#1810=ORIENTED_EDGE('',*,*,#2286,.T.);
#1811=ORIENTED_EDGE('',*,*,#2287,.T.);
#1812=ORIENTED_EDGE('',*,*,#2288,.F.);
#1813=ORIENTED_EDGE('',*,*,#2289,.F.);
#1814=ORIENTED_EDGE('',*,*,#2290,.F.);
#1815=ORIENTED_EDGE('',*,*,#2291,.F.);
#1816=ORIENTED_EDGE('',*,*,#2292,.F.);
#1817=ORIENTED_EDGE('',*,*,#2293,.T.);
#1818=ORIENTED_EDGE('',*,*,#2227,.T.);
#1819=ORIENTED_EDGE('',*,*,#2243,.T.);
#1820=ORIENTED_EDGE('',*,*,#2251,.T.);
#1821=CARTESIAN_POINT('',(-3.05311331771918E-16,3.88812517338605E-16,-1.77635683940025E-15));
#1822=DIRECTION('',(-0.0,1.0,6.12303176911189E-17));
#1823=DIRECTION('',(1.0,0.0,0.0));
#1824=ORIENTED_EDGE('',*,*,#2215,.T.);
#1825=ORIENTED_EDGE('',*,*,#2228,.F.);
#1826=ORIENTED_EDGE('',*,*,#2293,.F.);
#1827=ORIENTED_EDGE('',*,*,#2294,.F.);
#1828=ORIENTED_EDGE('',*,*,#2295,.F.);
#1829=ORIENTED_EDGE('',*,*,#2060,.T.);
#1830=CARTESIAN_POINT('',(-3.53,4.945,4.5));
#1831=DIRECTION('',(1.22460635382238E-16,0.0,-1.0));
#1832=DIRECTION('',(-1.0,0.0,-1.22460635382238E-16));
#1833=ORIENTED_EDGE('',*,*,#2061,.T.);
#1834=ORIENTED_EDGE('',*,*,#2295,.T.);
#1835=ORIENTED_EDGE('',*,*,#2296,.F.);
#1836=ORIENTED_EDGE('',*,*,#2297,.F.);
#1837=ORIENTED_EDGE('',*,*,#2298,.F.);
#1838=ORIENTED_EDGE('',*,*,#2299,.F.);
#1839=ORIENTED_EDGE('',*,*,#2300,.F.);
#1840=ORIENTED_EDGE('',*,*,#2301,.T.);
#1841=ORIENTED_EDGE('',*,*,#2081,.T.);
#1842=ORIENTED_EDGE('',*,*,#2078,.T.);
#1843=ORIENTED_EDGE('',*,*,#2075,.T.);
#1844=ORIENTED_EDGE('',*,*,#2072,.T.);
#1845=CARTESIAN_POINT('',(-3.05311331771918E-16,8.79,-8.88178419700125E-16));
#1846=DIRECTION('',(-0.0,1.0,6.12303176911189E-17));
#1847=DIRECTION('',(1.0,0.0,0.0));
#1848=ORIENTED_EDGE('',*,*,#2294,.T.);
#1849=ORIENTED_EDGE('',*,*,#2292,.T.);
#1850=ORIENTED_EDGE('',*,*,#2302,.T.);
#1851=ORIENTED_EDGE('',*,*,#2296,.T.);
#1852=CARTESIAN_POINT('',(-3.43,3.88812517338605E-16,0.0));
#1853=DIRECTION('',(-1.0,4.64815784654996E-33,-7.59126854444551E-17));
#1854=DIRECTION('',(-7.59126854444551E-17,-6.12303176911189E-17,1.0));
#1855=ORIENTED_EDGE('',*,*,#2230,.T.);
#1856=ORIENTED_EDGE('',*,*,#2237,.T.);
#1857=ORIENTED_EDGE('',*,*,#2303,.F.);
#1858=ORIENTED_EDGE('',*,*,#2279,.T.);
#1859=CARTESIAN_POINT('',(-3.43,3.88812517338605E-16,0.0));
#1860=DIRECTION('',(-1.0,4.64815784654996E-33,-7.59126854444551E-17));
#1861=DIRECTION('',(-7.59126854444551E-17,-6.12303176911189E-17,1.0));
#1862=ORIENTED_EDGE('',*,*,#2093,.T.);
#1863=ORIENTED_EDGE('',*,*,#2304,.T.);
#1864=ORIENTED_EDGE('',*,*,#2286,.F.);
#1865=ORIENTED_EDGE('',*,*,#2272,.T.);
#1866=ORIENTED_EDGE('',*,*,#2268,.T.);
#1867=ORIENTED_EDGE('',*,*,#2277,.T.);
#1868=ORIENTED_EDGE('',*,*,#2285,.F.);
#1869=ORIENTED_EDGE('',*,*,#2263,.T.);
#1870=ORIENTED_EDGE('',*,*,#2278,.T.);
#1871=ORIENTED_EDGE('',*,*,#2274,.T.);
#1872=ORIENTED_EDGE('',*,*,#2284,.F.);
#1873=ORIENTED_EDGE('',*,*,#2238,.T.);
#1874=CARTESIAN_POINT('',(3.03,4.945,0.0));
#1875=DIRECTION('',(1.0,0.0,0.0));
#1876=DIRECTION('',(0.0,0.0,-1.0));
#1877=ORIENTED_EDGE('',*,*,#2082,.T.);
#1878=ORIENTED_EDGE('',*,*,#2301,.F.);
#1879=ORIENTED_EDGE('',*,*,#2305,.F.);
#1880=ORIENTED_EDGE('',*,*,#2287,.F.);
#1881=ORIENTED_EDGE('',*,*,#2304,.F.);
#1882=ORIENTED_EDGE('',*,*,#2092,.T.);
#1883=CARTESIAN_POINT('',(3.53,4.945,4.5));
#1884=DIRECTION('',(0.0,0.0,1.0));
#1885=DIRECTION('',(1.0,0.0,0.0));
#1886=ORIENTED_EDGE('',*,*,#2240,.T.);
#1887=ORIENTED_EDGE('',*,*,#2283,.T.);
#1888=ORIENTED_EDGE('',*,*,#2306,.T.);
#1889=ORIENTED_EDGE('',*,*,#2233,.T.);
#1890=CARTESIAN_POINT('',(3.43,3.88812517338605E-16,-8.88178419700125E-16));
#1891=DIRECTION('',(1.0,-4.64815784654996E-33,7.59126854444551E-17));
#1892=DIRECTION('',(7.59126854444551E-17,6.12303176911189E-17,-1.0));
#1893=ORIENTED_EDGE('',*,*,#2297,.T.);
#1894=ORIENTED_EDGE('',*,*,#2302,.F.);
#1895=ORIENTED_EDGE('',*,*,#2291,.T.);
#1896=ORIENTED_EDGE('',*,*,#2307,.T.);
#1897=CARTESIAN_POINT('',(-2.93,3.06151588455594E-17,5.85));
#1898=DIRECTION('',(-0.0,1.0,6.12303176911189E-17));
#1899=DIRECTION('',(1.0,0.0,0.0));
#1900=ORIENTED_EDGE('',*,*,#2236,.T.);
#1901=ORIENTED_EDGE('',*,*,#2308,.F.);
#1902=ORIENTED_EDGE('',*,*,#2280,.T.);
#1903=ORIENTED_EDGE('',*,*,#2303,.T.);
#1904=CARTESIAN_POINT('',(-2.93,7.4700987583165E-16,-5.85));
#1905=DIRECTION('',(-0.0,1.0,6.12303176911189E-17));
#1906=DIRECTION('',(1.0,0.0,0.0));
#1907=ORIENTED_EDGE('',*,*,#2235,.T.);
#1908=ORIENTED_EDGE('',*,*,#2309,.F.);
#1909=ORIENTED_EDGE('',*,*,#2281,.T.);
#1910=ORIENTED_EDGE('',*,*,#2308,.T.);
#1911=CARTESIAN_POINT('',(4.44089209850063E-16,7.7762503467721E-16,-6.35));
#1912=DIRECTION('',(0.0,6.12303176911189E-17,-1.0));
#1913=DIRECTION('',(-1.0,0.0,0.0));
#1914=ORIENTED_EDGE('',*,*,#2234,.T.);
#1915=ORIENTED_EDGE('',*,*,#2306,.F.);
#1916=ORIENTED_EDGE('',*,*,#2282,.T.);
#1917=ORIENTED_EDGE('',*,*,#2309,.T.);
#1918=CARTESIAN_POINT('',(2.93,7.4700987583165E-16,-5.85));
#1919=DIRECTION('',(-0.0,1.0,6.12303176911189E-17));
#1920=DIRECTION('',(1.0,0.0,0.0));
#1921=ORIENTED_EDGE('',*,*,#2305,.T.);
#1922=ORIENTED_EDGE('',*,*,#2300,.T.);
#1923=ORIENTED_EDGE('',*,*,#2310,.F.);
#1924=ORIENTED_EDGE('',*,*,#2288,.T.);
#1925=CARTESIAN_POINT('',(3.43,3.88812517338605E-16,-8.88178419700125E-16));
#1926=DIRECTION('',(1.0,-4.64815784654996E-33,7.59126854444551E-17));
#1927=DIRECTION('',(7.59126854444551E-17,6.12303176911189E-17,-1.0));
#1928=ORIENTED_EDGE('',*,*,#2299,.T.);
#1929=ORIENTED_EDGE('',*,*,#2311,.F.);
#1930=ORIENTED_EDGE('',*,*,#2289,.T.);
#1931=ORIENTED_EDGE('',*,*,#2310,.T.);
#1932=CARTESIAN_POINT('',(2.93,3.06151588455595E-17,5.85));
#1933=DIRECTION('',(-0.0,1.0,6.12303176911189E-17));
#1934=DIRECTION('',(1.0,0.0,0.0));
#1935=ORIENTED_EDGE('',*,*,#2298,.T.);
#1936=ORIENTED_EDGE('',*,*,#2307,.F.);
#1937=ORIENTED_EDGE('',*,*,#2290,.T.);
#1938=ORIENTED_EDGE('',*,*,#2311,.T.);
#1939=CARTESIAN_POINT('',(0.0,3.88037211771478E-32,6.35));
#1940=DIRECTION('',(0.0,-6.12303176911189E-17,1.0));
#1941=DIRECTION('',(1.0,0.0,0.0));
#1942=EDGE_CURVE('',#2312,#2313,#2314,.T.);
#1943=EDGE_CURVE('',#2313,#2315,#2316,.T.);
#1944=EDGE_CURVE('',#2315,#2317,#2318,.T.);
#1945=EDGE_CURVE('',#2312,#2317,#2319,.T.);
#1946=EDGE_CURVE('',#2320,#2321,#2322,.T.);
#1947=EDGE_CURVE('',#2320,#2313,#2323,.T.);
#1948=EDGE_CURVE('',#2321,#2312,#2324,.T.);
#1949=EDGE_CURVE('',#2325,#2326,#2327,.T.);
#1950=EDGE_CURVE('',#2328,#2325,#2329,.T.);
#1951=EDGE_CURVE('',#2330,#2328,#2331,.T.);
#1952=EDGE_CURVE('',#2330,#2326,#2332,.T.);
#1953=EDGE_CURVE('',#2333,#2320,#2334,.T.);
#1954=EDGE_CURVE('',#2335,#2333,#2336,.T.);
#1955=EDGE_CURVE('',#2313,#2335,#2337,.T.);
#1956=EDGE_CURVE('',#2338,#2339,#2340,.T.);
#1957=EDGE_CURVE('',#2341,#2338,#2342,.T.);
#1958=EDGE_CURVE('',#2343,#2341,#2344,.T.);
#1959=EDGE_CURVE('',#2345,#2343,#2346,.T.);
#1960=EDGE_CURVE('',#2339,#2345,#2347,.T.);
#1961=EDGE_CURVE('',#2348,#2349,#2350,.T.);
#1962=EDGE_CURVE('',#2351,#2348,#2352,.T.);
#1963=EDGE_CURVE('',#2353,#2351,#2354,.T.);
#1964=EDGE_CURVE('',#2349,#2353,#2355,.T.);
#1965=EDGE_CURVE('',#2356,#2357,#2358,.T.);
#1966=EDGE_CURVE('',#2357,#2356,#2359,.T.);
#1967=EDGE_CURVE('',#2360,#2361,#2362,.T.);
#1968=EDGE_CURVE('',#2360,#2363,#2364,.T.);
#1969=EDGE_CURVE('',#2365,#2363,#2366,.T.);
#1970=EDGE_CURVE('',#2361,#2365,#2367,.T.);
#1971=EDGE_CURVE('',#2361,#2368,#2369,.T.);
#1972=EDGE_CURVE('',#2370,#2365,#2371,.T.);
#1973=EDGE_CURVE('',#2368,#2370,#2372,.T.);
#1974=EDGE_CURVE('',#2368,#2373,#2374,.T.);
#1975=EDGE_CURVE('',#2375,#2370,#2376,.T.);
#1976=EDGE_CURVE('',#2373,#2375,#2377,.T.);
#1977=EDGE_CURVE('',#2373,#2360,#2378,.T.);
#1978=EDGE_CURVE('',#2363,#2375,#2379,.T.);
#1979=EDGE_CURVE('',#2353,#2380,#2381,.T.);
#1980=EDGE_CURVE('',#2382,#2380,#2383,.T.);
#1981=EDGE_CURVE('',#2382,#2349,#2384,.T.);
#1982=EDGE_CURVE('',#2351,#2385,#2386,.T.);
#1983=EDGE_CURVE('',#2380,#2385,#2387,.T.);
#1984=EDGE_CURVE('',#2388,#2348,#2389,.T.);
#1985=EDGE_CURVE('',#2385,#2388,#2390,.T.);
#1986=EDGE_CURVE('',#2382,#2388,#2391,.T.);
#1987=EDGE_CURVE('',#2392,#2393,#2394,.T.);
#1988=EDGE_CURVE('',#2395,#2392,#2396,.T.);
#1989=EDGE_CURVE('',#2397,#2395,#2398,.T.);
#1990=EDGE_CURVE('',#2393,#2397,#2399,.T.);
#1991=EDGE_CURVE('',#2400,#2401,#2402,.T.);
#1992=EDGE_CURVE('',#2401,#2400,#2403,.T.);
#1993=EDGE_CURVE('',#2404,#2405,#2406,.T.);
#1994=EDGE_CURVE('',#2404,#2407,#2408,.T.);
#1995=EDGE_CURVE('',#2409,#2407,#2410,.T.);
#1996=EDGE_CURVE('',#2405,#2409,#2411,.T.);
#1997=EDGE_CURVE('',#2405,#2412,#2413,.T.);
#1998=EDGE_CURVE('',#2414,#2409,#2415,.T.);
#1999=EDGE_CURVE('',#2412,#2414,#2416,.T.);
#2000=EDGE_CURVE('',#2412,#2417,#2418,.T.);
#2001=EDGE_CURVE('',#2419,#2414,#2420,.T.);
#2002=EDGE_CURVE('',#2417,#2419,#2421,.T.);
#2003=EDGE_CURVE('',#2417,#2404,#2422,.T.);
#2004=EDGE_CURVE('',#2407,#2419,#2423,.T.);
#2005=EDGE_CURVE('',#2397,#2424,#2425,.T.);
#2006=EDGE_CURVE('',#2426,#2424,#2427,.T.);
#2007=EDGE_CURVE('',#2426,#2393,#2428,.T.);
#2008=EDGE_CURVE('',#2395,#2429,#2430,.T.);
#2009=EDGE_CURVE('',#2424,#2429,#2431,.T.);
#2010=EDGE_CURVE('',#2432,#2392,#2433,.T.);
#2011=EDGE_CURVE('',#2429,#2432,#2434,.T.);
#2012=EDGE_CURVE('',#2426,#2432,#2435,.T.);
#2013=EDGE_CURVE('',#2436,#2437,#2438,.T.);
#2014=EDGE_CURVE('',#2439,#2436,#2440,.T.);
#2015=EDGE_CURVE('',#2441,#2439,#2442,.T.);
#2016=EDGE_CURVE('',#2437,#2441,#2443,.T.);
#2017=EDGE_CURVE('',#2444,#2445,#2446,.T.);
#2018=EDGE_CURVE('',#2445,#2444,#2447,.T.);
#2019=EDGE_CURVE('',#2448,#2449,#2450,.T.);
#2020=EDGE_CURVE('',#2448,#2451,#2452,.T.);
#2021=EDGE_CURVE('',#2453,#2451,#2454,.T.);
#2022=EDGE_CURVE('',#2449,#2453,#2455,.T.);
#2023=EDGE_CURVE('',#2449,#2456,#2457,.T.);
#2024=EDGE_CURVE('',#2458,#2453,#2459,.T.);
#2025=EDGE_CURVE('',#2456,#2458,#2460,.T.);
#2026=EDGE_CURVE('',#2456,#2461,#2462,.T.);
#2027=EDGE_CURVE('',#2463,#2458,#2464,.T.);
#2028=EDGE_CURVE('',#2461,#2463,#2465,.T.);
#2029=EDGE_CURVE('',#2461,#2448,#2466,.T.);
#2030=EDGE_CURVE('',#2451,#2463,#2467,.T.);
#2031=EDGE_CURVE('',#2441,#2468,#2469,.T.);
#2032=EDGE_CURVE('',#2470,#2468,#2471,.T.);
#2033=EDGE_CURVE('',#2470,#2437,#2472,.T.);
#2034=EDGE_CURVE('',#2439,#2473,#2474,.T.);
#2035=EDGE_CURVE('',#2468,#2473,#2475,.T.);
#2036=EDGE_CURVE('',#2476,#2436,#2477,.T.);
#2037=EDGE_CURVE('',#2473,#2476,#2478,.T.);
#2038=EDGE_CURVE('',#2470,#2476,#2479,.T.);
#2039=EDGE_CURVE('',#2480,#2339,#2481,.T.);
#2040=EDGE_CURVE('',#2343,#2480,#2482,.T.);
#2041=EDGE_CURVE('',#2483,#2341,#2484,.T.);
#2042=EDGE_CURVE('',#2338,#2483,#2485,.T.);
#2043=EDGE_CURVE('',#2486,#2320,#2487,.T.);
#2044=EDGE_CURVE('',#2486,#2488,#2489,.T.);
#2045=EDGE_CURVE('',#2488,#2490,#2491,.T.);
#2046=EDGE_CURVE('',#2490,#2315,#2492,.T.);
#2047=EDGE_CURVE('',#2333,#2335,#2493,.T.);
#2048=EDGE_CURVE('',#2494,#2495,#2496,.T.);
#2049=EDGE_CURVE('',#2497,#2494,#2498,.T.);
#2050=EDGE_CURVE('',#2499,#2497,#2500,.T.);
#2051=EDGE_CURVE('',#2495,#2499,#2501,.T.);
#2052=EDGE_CURVE('',#2495,#2502,#2503,.T.);
#2053=EDGE_CURVE('',#2488,#2499,#2504,.T.);
#2054=EDGE_CURVE('',#2502,#2486,#2505,.T.);
#2055=EDGE_CURVE('',#2490,#2497,#2506,.T.);
#2056=EDGE_CURVE('',#2317,#2494,#2507,.T.);
#2057=EDGE_CURVE('',#2502,#2321,#2508,.T.);
#2058=EDGE_CURVE('',#2326,#2330,#2509,.T.);
#2059=EDGE_CURVE('',#2325,#2328,#2510,.T.);
#2060=EDGE_CURVE('',#2511,#2512,#2513,.T.);
#2061=EDGE_CURVE('',#2514,#2511,#2515,.T.);
#2062=EDGE_CURVE('',#2514,#2516,#2517,.T.);
#2063=EDGE_CURVE('',#2516,#2518,#2519,.T.);
#2064=EDGE_CURVE('',#2520,#2518,#2521,.T.);
#2065=EDGE_CURVE('',#2522,#2520,#2523,.T.);
#2066=EDGE_CURVE('',#2524,#2522,#2525,.T.);
#2067=EDGE_CURVE('',#2524,#2526,#2527,.T.);
#2068=EDGE_CURVE('',#2526,#2528,#2529,.T.);
#2069=EDGE_CURVE('',#2528,#2530,#2531,.T.);
#2070=EDGE_CURVE('',#2530,#2532,#2533,.T.);
#2071=EDGE_CURVE('',#2532,#2512,#2534,.T.);
#2072=EDGE_CURVE('',#2535,#2514,#2536,.T.);
#2073=EDGE_CURVE('',#2535,#2537,#2538,.T.);
#2074=EDGE_CURVE('',#2537,#2516,#2539,.T.);
#2075=EDGE_CURVE('',#2540,#2535,#2541,.T.);
#2076=EDGE_CURVE('',#2540,#2542,#2543,.T.);
#2077=EDGE_CURVE('',#2542,#2537,#2544,.T.);
#2078=EDGE_CURVE('',#2545,#2540,#2546,.T.);
#2079=EDGE_CURVE('',#2545,#2547,#2548,.T.);
#2080=EDGE_CURVE('',#2547,#2542,#2549,.T.);
#2081=EDGE_CURVE('',#2550,#2545,#2551,.T.);
#2082=EDGE_CURVE('',#2552,#2550,#2553,.T.);
#2083=EDGE_CURVE('',#2552,#2554,#2555,.T.);
#2084=EDGE_CURVE('',#2554,#2556,#2557,.T.);
#2085=EDGE_CURVE('',#2556,#2558,#2559,.T.);
#2086=EDGE_CURVE('',#2558,#2560,#2561,.T.);
#2087=EDGE_CURVE('',#2560,#2562,#2563,.T.);
#2088=EDGE_CURVE('',#2564,#2562,#2565,.T.);
#2089=EDGE_CURVE('',#2566,#2564,#2567,.T.);
#2090=EDGE_CURVE('',#2566,#2568,#2569,.T.);
#2091=EDGE_CURVE('',#2568,#2547,#2570,.T.);
#2092=EDGE_CURVE('',#2571,#2552,#2572,.T.);
#2093=EDGE_CURVE('',#2573,#2571,#2574,.T.);
#2094=EDGE_CURVE('',#2562,#2573,#2575,.T.);
#2095=EDGE_CURVE('',#2560,#2576,#2577,.T.);
#2096=EDGE_CURVE('',#2576,#2578,#2579,.T.);
#2097=EDGE_CURVE('',#2578,#2554,#2580,.T.);
#2098=EDGE_CURVE('',#2581,#2582,#2583,.T.);
#2099=EDGE_CURVE('',#2584,#2581,#2585,.T.);
#2100=EDGE_CURVE('',#2586,#2584,#2587,.T.);
#2101=EDGE_CURVE('',#2586,#2588,#2589,.T.);
#2102=EDGE_CURVE('',#2588,#2590,#2591,.T.);
#2103=EDGE_CURVE('',#2590,#2592,#2593,.T.);
#2104=EDGE_CURVE('',#2592,#2582,#2594,.T.);
#2105=EDGE_CURVE('',#2595,#2581,#2596,.T.);
#2106=EDGE_CURVE('',#2595,#2597,#2598,.T.);
#2107=EDGE_CURVE('',#2584,#2597,#2599,.T.);
#2108=EDGE_CURVE('',#2597,#2600,#2601,.T.);
#2109=EDGE_CURVE('',#2586,#2600,#2602,.T.);
#2110=EDGE_CURVE('',#2600,#2603,#2604,.T.);
#2111=EDGE_CURVE('',#2588,#2603,#2605,.T.);
#2112=EDGE_CURVE('',#2603,#2606,#2607,.T.);
#2113=EDGE_CURVE('',#2590,#2606,#2608,.T.);
#2114=EDGE_CURVE('',#2606,#2609,#2610,.T.);
#2115=EDGE_CURVE('',#2592,#2609,#2611,.T.);
#2116=EDGE_CURVE('',#2609,#2612,#2613,.T.);
#2117=EDGE_CURVE('',#2582,#2612,#2614,.T.);
#2118=EDGE_CURVE('',#2612,#2595,#2615,.T.);
#2119=EDGE_CURVE('',#2616,#2617,#2618,.T.);
#2120=EDGE_CURVE('',#2619,#2616,#2620,.T.);
#2121=EDGE_CURVE('',#2621,#2619,#2622,.T.);
#2122=EDGE_CURVE('',#2621,#2623,#2624,.T.);
#2123=EDGE_CURVE('',#2623,#2625,#2626,.T.);
#2124=EDGE_CURVE('',#2625,#2627,#2628,.T.);
#2125=EDGE_CURVE('',#2627,#2617,#2629,.T.);
#2126=EDGE_CURVE('',#2630,#2616,#2631,.T.);
#2127=EDGE_CURVE('',#2630,#2632,#2633,.T.);
#2128=EDGE_CURVE('',#2619,#2632,#2634,.T.);
#2129=EDGE_CURVE('',#2632,#2635,#2636,.T.);
#2130=EDGE_CURVE('',#2621,#2635,#2637,.T.);
#2131=EDGE_CURVE('',#2635,#2638,#2639,.T.);
#2132=EDGE_CURVE('',#2623,#2638,#2640,.T.);
#2133=EDGE_CURVE('',#2638,#2641,#2642,.T.);
#2134=EDGE_CURVE('',#2625,#2641,#2643,.T.);
#2135=EDGE_CURVE('',#2641,#2644,#2645,.T.);
#2136=EDGE_CURVE('',#2627,#2644,#2646,.T.);
#2137=EDGE_CURVE('',#2644,#2647,#2648,.T.);
#2138=EDGE_CURVE('',#2617,#2647,#2649,.T.);
#2139=EDGE_CURVE('',#2647,#2630,#2650,.T.);
#2140=EDGE_CURVE('',#2651,#2652,#2653,.T.);
#2141=EDGE_CURVE('',#2654,#2651,#2655,.T.);
#2142=EDGE_CURVE('',#2656,#2654,#2657,.T.);
#2143=EDGE_CURVE('',#2656,#2658,#2659,.T.);
#2144=EDGE_CURVE('',#2658,#2660,#2661,.T.);
#2145=EDGE_CURVE('',#2660,#2662,#2663,.T.);
#2146=EDGE_CURVE('',#2662,#2652,#2664,.T.);
#2147=EDGE_CURVE('',#2665,#2651,#2666,.T.);
#2148=EDGE_CURVE('',#2665,#2667,#2668,.T.);
#2149=EDGE_CURVE('',#2654,#2667,#2669,.T.);
#2150=EDGE_CURVE('',#2667,#2670,#2671,.T.);
#2151=EDGE_CURVE('',#2656,#2670,#2672,.T.);
#2152=EDGE_CURVE('',#2670,#2673,#2674,.T.);
#2153=EDGE_CURVE('',#2658,#2673,#2675,.T.);
#2154=EDGE_CURVE('',#2673,#2676,#2677,.T.);
#2155=EDGE_CURVE('',#2660,#2676,#2678,.T.);
#2156=EDGE_CURVE('',#2676,#2679,#2680,.T.);
#2157=EDGE_CURVE('',#2662,#2679,#2681,.T.);
#2158=EDGE_CURVE('',#2679,#2682,#2683,.T.);
#2159=EDGE_CURVE('',#2652,#2682,#2684,.T.);
#2160=EDGE_CURVE('',#2682,#2665,#2685,.T.);
#2161=EDGE_CURVE('',#2686,#2687,#2688,.T.);
#2162=EDGE_CURVE('',#2689,#2686,#2690,.T.);
#2163=EDGE_CURVE('',#2691,#2689,#2692,.T.);
#2164=EDGE_CURVE('',#2691,#2693,#2694,.T.);
#2165=EDGE_CURVE('',#2693,#2695,#2696,.T.);
#2166=EDGE_CURVE('',#2695,#2697,#2698,.T.);
#2167=EDGE_CURVE('',#2697,#2687,#2699,.T.);
#2168=EDGE_CURVE('',#2700,#2686,#2701,.T.);
#2169=EDGE_CURVE('',#2700,#2702,#2703,.T.);
#2170=EDGE_CURVE('',#2689,#2702,#2704,.T.);
#2171=EDGE_CURVE('',#2702,#2705,#2706,.T.);
#2172=EDGE_CURVE('',#2691,#2705,#2707,.T.);
#2173=EDGE_CURVE('',#2705,#2708,#2709,.T.);
#2174=EDGE_CURVE('',#2693,#2708,#2710,.T.);
#2175=EDGE_CURVE('',#2708,#2711,#2712,.T.);
#2176=EDGE_CURVE('',#2695,#2711,#2713,.T.);
#2177=EDGE_CURVE('',#2711,#2714,#2715,.T.);
#2178=EDGE_CURVE('',#2697,#2714,#2716,.T.);
#2179=EDGE_CURVE('',#2714,#2717,#2718,.T.);
#2180=EDGE_CURVE('',#2687,#2717,#2719,.T.);
#2181=EDGE_CURVE('',#2717,#2700,#2720,.T.);
#2182=EDGE_CURVE('',#2721,#2722,#2723,.T.);
#2183=EDGE_CURVE('',#2724,#2721,#2725,.T.);
#2184=EDGE_CURVE('',#2726,#2724,#2727,.T.);
#2185=EDGE_CURVE('',#2722,#2726,#2728,.T.);
#2186=EDGE_CURVE('',#2532,#2721,#2729,.T.);
#2187=EDGE_CURVE('',#2530,#2730,#2731,.T.);
#2188=EDGE_CURVE('',#2730,#2732,#2733,.T.);
#2189=EDGE_CURVE('',#2732,#2724,#2734,.T.);
#2190=EDGE_CURVE('',#2722,#2526,#2735,.T.);
#2191=EDGE_CURVE('',#2726,#2736,#2737,.T.);
#2192=EDGE_CURVE('',#2736,#2738,#2739,.T.);
#2193=EDGE_CURVE('',#2738,#2528,#2740,.T.);
#2194=EDGE_CURVE('',#2736,#2732,#2741,.T.);
#2195=EDGE_CURVE('',#2738,#2730,#2742,.T.);
#2196=EDGE_CURVE('',#2743,#2576,#2744,.T.);
#2197=EDGE_CURVE('',#2745,#2743,#2746,.T.);
#2198=EDGE_CURVE('',#2578,#2745,#2747,.T.);
#2199=EDGE_CURVE('',#2558,#2748,#2749,.T.);
#2200=EDGE_CURVE('',#2748,#2750,#2751,.T.);
#2201=EDGE_CURVE('',#2750,#2743,#2752,.T.);
#2202=EDGE_CURVE('',#2745,#2753,#2754,.T.);
#2203=EDGE_CURVE('',#2753,#2755,#2756,.T.);
#2204=EDGE_CURVE('',#2755,#2556,#2757,.T.);
#2205=EDGE_CURVE('',#2753,#2750,#2758,.T.);
#2206=EDGE_CURVE('',#2755,#2748,#2759,.T.);
#2207=EDGE_CURVE('',#2520,#2760,#2761,.T.);
#2208=EDGE_CURVE('',#2518,#2762,#2763,.T.);
#2209=EDGE_CURVE('',#2760,#2762,#2764,.T.);
#2210=EDGE_CURVE('',#2760,#2765,#2766,.T.);
#2211=EDGE_CURVE('',#2762,#2767,#2768,.T.);
#2212=EDGE_CURVE('',#2765,#2767,#2769,.T.);
#2213=EDGE_CURVE('',#2765,#2566,#2770,.T.);
#2214=EDGE_CURVE('',#2767,#2568,#2771,.T.);
#2215=EDGE_CURVE('',#2512,#2772,#2773,.T.);
#2216=EDGE_CURVE('',#2774,#2524,#2775,.T.);
#2217=EDGE_CURVE('',#2772,#2774,#2776,.T.);
#2218=EDGE_CURVE('',#2774,#2777,#2778,.T.);
#2219=EDGE_CURVE('',#2779,#2777,#2780,.T.);
#2220=EDGE_CURVE('',#2779,#2781,#2782,.T.);
#2221=EDGE_CURVE('',#2781,#2783,#2784,.T.);
#2222=EDGE_CURVE('',#2783,#2785,#2786,.T.);
#2223=EDGE_CURVE('',#2787,#2785,#2788,.T.);
#2224=EDGE_CURVE('',#2787,#2789,#2790,.T.);
#2225=EDGE_CURVE('',#2789,#2791,#2792,.T.);
#2226=EDGE_CURVE('',#2791,#2793,#2794,.T.);
#2227=EDGE_CURVE('',#2795,#2793,#2796,.T.);
#2228=EDGE_CURVE('',#2795,#2772,#2797,.T.);
#2229=EDGE_CURVE('',#2798,#2522,#2799,.T.);
#2230=EDGE_CURVE('',#2800,#2798,#2801,.T.);
#2231=EDGE_CURVE('',#2777,#2800,#2802,.T.);
#2232=EDGE_CURVE('',#2564,#2803,#2804,.T.);
#2233=EDGE_CURVE('',#2805,#2803,#2806,.T.);
#2234=EDGE_CURVE('',#2807,#2805,#2808,.T.);
#2235=EDGE_CURVE('',#2809,#2807,#2810,.T.);
#2236=EDGE_CURVE('',#2811,#2809,#2812,.T.);
#2237=EDGE_CURVE('',#2798,#2811,#2813,.T.);
#2238=EDGE_CURVE('',#2814,#2573,#2815,.T.);
#2239=EDGE_CURVE('',#2816,#2814,#2817,.T.);
#2240=EDGE_CURVE('',#2803,#2816,#2818,.T.);
#2241=EDGE_CURVE('',#2791,#2819,#2820,.T.);
#2242=EDGE_CURVE('',#2819,#2821,#2822,.T.);
#2243=EDGE_CURVE('',#2793,#2821,#2823,.T.);
#2244=EDGE_CURVE('',#2781,#2824,#2825,.T.);
#2245=EDGE_CURVE('',#2824,#2826,#2827,.T.);
#2246=EDGE_CURVE('',#2783,#2826,#2828,.T.);
#2247=EDGE_CURVE('',#2789,#2829,#2830,.T.);
#2248=EDGE_CURVE('',#2829,#2819,#2831,.T.);
#2249=EDGE_CURVE('',#2826,#2832,#2833,.T.);
#2250=EDGE_CURVE('',#2785,#2832,#2834,.T.);
#2251=EDGE_CURVE('',#2821,#2835,#2836,.T.);
#2252=EDGE_CURVE('',#2829,#2835,#2837,.T.);
#2253=EDGE_CURVE('',#2835,#2787,#2838,.T.);
#2254=EDGE_CURVE('',#2832,#2839,#2840,.T.);
#2255=EDGE_CURVE('',#2824,#2839,#2841,.T.);
#2256=EDGE_CURVE('',#2839,#2779,#2842,.T.);
#2257=EDGE_CURVE('',#2843,#2844,#2845,.T.);
#2258=EDGE_CURVE('',#2846,#2843,#2847,.T.);
#2259=EDGE_CURVE('',#2848,#2846,#2849,.T.);
#2260=EDGE_CURVE('',#2848,#2844,#2850,.T.);
#2261=EDGE_CURVE('',#2844,#2851,#2852,.T.);
#2262=EDGE_CURVE('',#2853,#2848,#2854,.T.);
#2263=EDGE_CURVE('',#2851,#2853,#2855,.T.);
#2264=EDGE_CURVE('',#2856,#2857,#2858,.T.);
#2265=EDGE_CURVE('',#2859,#2856,#2860,.T.);
#2266=EDGE_CURVE('',#2861,#2859,#2862,.T.);
#2267=EDGE_CURVE('',#2861,#2857,#2863,.T.);
#2268=EDGE_CURVE('',#2864,#2865,#2866,.T.);
#2269=EDGE_CURVE('',#2864,#2861,#2867,.T.);
#2270=EDGE_CURVE('',#2865,#2859,#2868,.T.);
#2271=EDGE_CURVE('',#2857,#2869,#2870,.T.);
#2272=EDGE_CURVE('',#2869,#2864,#2871,.T.);
#2273=EDGE_CURVE('',#2872,#2843,#2873,.T.);
#2274=EDGE_CURVE('',#2874,#2872,#2875,.T.);
#2275=EDGE_CURVE('',#2874,#2846,#2876,.T.);
#2276=EDGE_CURVE('',#2877,#2856,#2878,.T.);
#2277=EDGE_CURVE('',#2865,#2877,#2879,.T.);
#2278=EDGE_CURVE('',#2853,#2874,#2880,.T.);
#2279=EDGE_CURVE('',#2881,#2800,#2882,.T.);
#2280=EDGE_CURVE('',#2883,#2881,#2884,.T.);
#2281=EDGE_CURVE('',#2885,#2883,#2886,.T.);
#2282=EDGE_CURVE('',#2887,#2885,#2888,.T.);
#2283=EDGE_CURVE('',#2816,#2887,#2889,.T.);
#2284=EDGE_CURVE('',#2814,#2872,#2890,.T.);
#2285=EDGE_CURVE('',#2851,#2877,#2891,.T.);
#2286=EDGE_CURVE('',#2869,#2892,#2893,.T.);
#2287=EDGE_CURVE('',#2892,#2894,#2895,.T.);
#2288=EDGE_CURVE('',#2896,#2894,#2897,.T.);
#2289=EDGE_CURVE('',#2898,#2896,#2899,.T.);
#2290=EDGE_CURVE('',#2900,#2898,#2901,.T.);
#2291=EDGE_CURVE('',#2902,#2900,#2903,.T.);
#2292=EDGE_CURVE('',#2904,#2902,#2905,.T.);
#2293=EDGE_CURVE('',#2904,#2795,#2906,.T.);
#2294=EDGE_CURVE('',#2907,#2904,#2908,.T.);
#2295=EDGE_CURVE('',#2511,#2907,#2909,.T.);
#2296=EDGE_CURVE('',#2910,#2907,#2911,.T.);
#2297=EDGE_CURVE('',#2912,#2910,#2913,.T.);
#2298=EDGE_CURVE('',#2914,#2912,#2915,.T.);
#2299=EDGE_CURVE('',#2916,#2914,#2917,.T.);
#2300=EDGE_CURVE('',#2918,#2916,#2919,.T.);
#2301=EDGE_CURVE('',#2918,#2550,#2920,.T.);
#2302=EDGE_CURVE('',#2902,#2910,#2921,.T.);
#2303=EDGE_CURVE('',#2881,#2811,#2922,.T.);
#2304=EDGE_CURVE('',#2571,#2892,#2923,.T.);
#2305=EDGE_CURVE('',#2894,#2918,#2924,.T.);
#2306=EDGE_CURVE('',#2887,#2805,#2925,.T.);
#2307=EDGE_CURVE('',#2900,#2912,#2926,.T.);
#2308=EDGE_CURVE('',#2883,#2809,#2927,.T.);
#2309=EDGE_CURVE('',#2885,#2807,#2928,.T.);
#2310=EDGE_CURVE('',#2896,#2916,#2929,.T.);
#2311=EDGE_CURVE('',#2898,#2914,#2930,.T.);
#2312=VERTEX_POINT('',#2931);
#2313=VERTEX_POINT('',#2932);
#2314=LINE('',#2933,#2934);
#2315=VERTEX_POINT('',#2935);
#2316=CIRCLE('',#2936,3.175);
#2317=VERTEX_POINT('',#2937);
#2318=(B_SPLINE_CURVE(2,(#2939,#2940,#2941),.UNSPECIFIED.,.F.,.F.)B_SPLINE_CURVE_WITH_KNOTS((3,3),(0.0,0.489664043467916),.UNSPECIFIED.)RATIONAL_B_SPLINE_CURVE((1.0,1.0016902498171,1.0))BOUNDED_CURVE()REPRESENTATION_ITEM('')GEOMETRIC_REPRESENTATION_ITEM()CURVE());
#2319=CIRCLE('',#2948,2.83130625);
#2320=VERTEX_POINT('',#2949);
#2321=VERTEX_POINT('',#2950);
#2322=LINE('',#2951,#2952);
#2323=CIRCLE('',#2953,3.175);
#2324=CIRCLE('',#2954,2.83130625);
#2325=VERTEX_POINT('',#2955);
#2326=VERTEX_POINT('',#2956);
#2327=LINE('',#2957,#2958);
#2328=VERTEX_POINT('',#2959);
#2329=CIRCLE('',#2960,2.425);
#2330=VERTEX_POINT('',#2961);
#2331=LINE('',#2962,#2963);
#2332=CIRCLE('',#2964,2.425);
#2333=VERTEX_POINT('',#2965);
#2334=LINE('',#2966,#2967);
#2335=VERTEX_POINT('',#2968);
#2336=CIRCLE('',#2969,3.175);
#2337=LINE('',#2970,#2971);
#2338=VERTEX_POINT('',#2972);
#2339=VERTEX_POINT('',#2973);
#2340=LINE('',#2974,#2975);
#2341=VERTEX_POINT('',#2976);
#2342=ELLIPSE('',#2977,1.46288667268387,1.46);
#2343=VERTEX_POINT('',#2978);
#2344=LINE('',#2979,#2980);
#2345=VERTEX_POINT('',#2981);
#2346=CIRCLE('',#2982,1.46);
#2347=CIRCLE('',#2983,1.46);
#2348=VERTEX_POINT('',#2984);
#2349=VERTEX_POINT('',#2985);
#2350=CIRCLE('',#2986,0.698735784798078);
#2351=VERTEX_POINT('',#2987);
#2352=B_SPLINE_CURVE_WITH_KNOTS('',3,(#2988,#2989,#2990,#2991,#2992,#2993,#2994,#2995,#2996,#2997),.UNSPECIFIED.,.F.,.F.,(4,2,2,2,4),(4.86149847660581,5.42402274087668,5.98654700514755,6.54907126941842,7.11159553368929),.UNSPECIFIED.);
#2353=VERTEX_POINT('',#2998);
#2354=CIRCLE('',#2999,0.698735784798078);
#2355=B_SPLINE_CURVE_WITH_KNOTS('',3,(#3000,#3001,#3002,#3003,#3004,#3005,#3006,#3007,#3008,#3009),.UNSPECIFIED.,.F.,.F.,(4,2,2,2,4),(0.870467139840777,1.43299140411165,1.99551566838252,2.55803993265338,3.12056419692425),.UNSPECIFIED.);
#2356=VERTEX_POINT('',#3010);
#2357=VERTEX_POINT('',#3011);
#2358=B_SPLINE_CURVE_WITH_KNOTS('',3,(#3012,#3013,#3014,#3015,#3016,#3017,#3018,#3019,#3020,#3021,#3022,#3023,#3024,#3025,#3026,#3027,#3028,#3029,#3030,#3031,#3032,#3033,#3034,#3035,#3036,#3037,#3038,#3039,#3040,#3041),.UNSPECIFIED.,.F.,.F.,(4,2,2,2,2,2,2,2,2,2,2,2,2,2,4),(0.0,0.0797021361841672,0.123567409212394,0.208992051001553,0.407007203938636,0.926585973807959,1.57181252101029,2.21703906821263,2.86226561541496,3.5074921626173,4.02707093248662,4.2250860854237,4.31051072721286,4.35437600024109,4.43407813642526),.UNSPECIFIED.);
#2359=B_SPLINE_CURVE_WITH_KNOTS('',3,(#3042,#3043,#3044,#3045,#3046,#3047,#3048,#3049,#3050,#3051,#3052,#3053,#3054,#3055,#3056,#3057,#3058,#3059,#3060,#3061,#3062,#3063,#3064,#3065,#3066,#3067,#3068,#3069,#3070,#3071),.UNSPECIFIED.,.F.,.F.,(4,2,2,2,2,2,2,2,2,2,2,2,2,2,4),(4.43407813642526,4.51378027260942,4.55764554563765,4.64307018742681,4.84108534036389,5.36066411023322,6.00589065743555,6.65111720463789,7.29634375184022,7.94157029904255,8.46114906891188,8.65916422184896,8.74458886363812,8.78845413666635,8.86815627285051),.UNSPECIFIED.);
#2360=VERTEX_POINT('',#3072);
#2361=VERTEX_POINT('',#3073);
#2362=CIRCLE('',#3074,0.755387931034482);
#2363=VERTEX_POINT('',#3075);
#2364=LINE('',#3076,#3077);
#2365=VERTEX_POINT('',#3078);
#2366=CIRCLE('',#3079,0.755387931034482);
#2367=LINE('',#3080,#3081);
#2368=VERTEX_POINT('',#3082);
#2369=LINE('',#3083,#3084);
#2370=VERTEX_POINT('',#3085);
#2371=LINE('',#3086,#3087);
#2372=LINE('',#3088,#3089);
#2373=VERTEX_POINT('',#3090);
#2374=CIRCLE('',#3091,0.755387931034482);
#2375=VERTEX_POINT('',#3092);
#2376=CIRCLE('',#3093,0.755387931034482);
#2377=LINE('',#3094,#3095);
#2378=LINE('',#3096,#3097);
#2379=LINE('',#3098,#3099);
#2380=VERTEX_POINT('',#3100);
#2381=LINE('',#3101,#3102);
#2382=VERTEX_POINT('',#3103);
#2383=LINE('',#3104,#3105);
#2384=LINE('',#3106,#3107);
#2385=VERTEX_POINT('',#3108);
#2386=LINE('',#3109,#3110);
#2387=LINE('',#3111,#3112);
#2388=VERTEX_POINT('',#3113);
#2389=LINE('',#3114,#3115);
#2390=LINE('',#3116,#3117);
#2391=LINE('',#3118,#3119);
#2392=VERTEX_POINT('',#3120);
#2393=VERTEX_POINT('',#3121);
#2394=CIRCLE('',#3122,0.698735784798078);
#2395=VERTEX_POINT('',#3123);
#2396=B_SPLINE_CURVE_WITH_KNOTS('',3,(#3124,#3125,#3126,#3127,#3128,#3129,#3130,#3131,#3132,#3133),.UNSPECIFIED.,.F.,.F.,(4,2,2,2,4),(4.86149847660581,5.42402274087668,5.98654700514755,6.54907126941842,7.11159553368929),.UNSPECIFIED.);
#2397=VERTEX_POINT('',#3134);
#2398=CIRCLE('',#3135,0.698735784798078);
#2399=B_SPLINE_CURVE_WITH_KNOTS('',3,(#3136,#3137,#3138,#3139,#3140,#3141,#3142,#3143,#3144,#3145),.UNSPECIFIED.,.F.,.F.,(4,2,2,2,4),(0.870467139840777,1.43299140411165,1.99551566838252,2.55803993265338,3.12056419692425),.UNSPECIFIED.);
#2400=VERTEX_POINT('',#3146);
#2401=VERTEX_POINT('',#3147);
#2402=B_SPLINE_CURVE_WITH_KNOTS('',3,(#3148,#3149,#3150,#3151,#3152,#3153,#3154,#3155,#3156,#3157,#3158,#3159,#3160,#3161,#3162,#3163,#3164,#3165,#3166,#3167,#3168,#3169,#3170,#3171,#3172,#3173,#3174,#3175,#3176,#3177),.UNSPECIFIED.,.F.,.F.,(4,2,2,2,2,2,2,2,2,2,2,2,2,2,4),(0.0,0.0797021361841661,0.123567409212394,0.208992051001552,0.407007203938636,0.926585973807959,1.57181252101029,2.21703906821263,2.86226561541496,3.5074921626173,4.02707093248662,4.22508608542371,4.31051072721286,4.35437600024109,4.43407813642526),.UNSPECIFIED.);
#2403=B_SPLINE_CURVE_WITH_KNOTS('',3,(#3178,#3179,#3180,#3181,#3182,#3183,#3184,#3185,#3186,#3187,#3188,#3189,#3190,#3191,#3192,#3193,#3194,#3195,#3196,#3197,#3198,#3199,#3200,#3201,#3202,#3203,#3204,#3205,#3206,#3207),.UNSPECIFIED.,.F.,.F.,(4,2,2,2,2,2,2,2,2,2,2,2,2,2,4),(4.43407813642526,4.51378027260943,4.55764554563765,4.64307018742681,4.8410853403639,5.36066411023322,6.00589065743555,6.65111720463789,7.29634375184022,7.94157029904256,8.46114906891188,8.65916422184897,8.74458886363812,8.78845413666635,8.86815627285052),.UNSPECIFIED.);
#2404=VERTEX_POINT('',#3208);
#2405=VERTEX_POINT('',#3209);
#2406=CIRCLE('',#3210,0.755387931034482);
#2407=VERTEX_POINT('',#3211);
#2408=LINE('',#3212,#3213);
#2409=VERTEX_POINT('',#3214);
#2410=CIRCLE('',#3215,0.755387931034482);
#2411=LINE('',#3216,#3217);
#2412=VERTEX_POINT('',#3218);
#2413=LINE('',#3219,#3220);
#2414=VERTEX_POINT('',#3221);
#2415=LINE('',#3222,#3223);
#2416=LINE('',#3224,#3225);
#2417=VERTEX_POINT('',#3226);
#2418=CIRCLE('',#3227,0.755387931034482);
#2419=VERTEX_POINT('',#3228);
#2420=CIRCLE('',#3229,0.755387931034482);
#2421=LINE('',#3230,#3231);
#2422=LINE('',#3232,#3233);
#2423=LINE('',#3234,#3235);
#2424=VERTEX_POINT('',#3236);
#2425=LINE('',#3237,#3238);
#2426=VERTEX_POINT('',#3239);
#2427=LINE('',#3240,#3241);
#2428=LINE('',#3242,#3243);
#2429=VERTEX_POINT('',#3244);
#2430=LINE('',#3245,#3246);
#2431=LINE('',#3247,#3248);
#2432=VERTEX_POINT('',#3249);
#2433=LINE('',#3250,#3251);
#2434=LINE('',#3252,#3253);
#2435=LINE('',#3254,#3255);
#2436=VERTEX_POINT('',#3256);
#2437=VERTEX_POINT('',#3257);
#2438=CIRCLE('',#3258,0.698735784798078);
#2439=VERTEX_POINT('',#3259);
#2440=B_SPLINE_CURVE_WITH_KNOTS('',3,(#3260,#3261,#3262,#3263,#3264,#3265,#3266,#3267,#3268,#3269),.UNSPECIFIED.,.F.,.F.,(4,2,2,2,4),(4.86149847660581,5.42402274087668,5.98654700514755,6.54907126941842,7.11159553368929),.UNSPECIFIED.);
#2441=VERTEX_POINT('',#3270);
#2442=CIRCLE('',#3271,0.698735784798078);
#2443=B_SPLINE_CURVE_WITH_KNOTS('',3,(#3272,#3273,#3274,#3275,#3276,#3277,#3278,#3279,#3280,#3281),.UNSPECIFIED.,.F.,.F.,(4,2,2,2,4),(0.870467139840777,1.43299140411165,1.99551566838252,2.55803993265338,3.12056419692425),.UNSPECIFIED.);
#2444=VERTEX_POINT('',#3282);
#2445=VERTEX_POINT('',#3283);
#2446=B_SPLINE_CURVE_WITH_KNOTS('',3,(#3284,#3285,#3286,#3287,#3288,#3289,#3290,#3291,#3292,#3293,#3294,#3295,#3296,#3297,#3298,#3299,#3300,#3301,#3302,#3303,#3304,#3305,#3306,#3307,#3308,#3309,#3310,#3311,#3312,#3313),.UNSPECIFIED.,.F.,.F.,(4,2,2,2,2,2,2,2,2,2,2,2,2,2,4),(0.0,0.079702136184168,0.123567409212395,0.208992051001554,0.407007203938636,0.926585973807959,1.57181252101029,2.21703906821263,2.86226561541496,3.5074921626173,4.02707093248662,4.2250860854237,4.31051072721286,4.35437600024109,4.43407813642526),.UNSPECIFIED.);
#2447=B_SPLINE_CURVE_WITH_KNOTS('',3,(#3314,#3315,#3316,#3317,#3318,#3319,#3320,#3321,#3322,#3323,#3324,#3325,#3326,#3327,#3328,#3329,#3330,#3331,#3332,#3333,#3334,#3335,#3336,#3337,#3338,#3339,#3340,#3341,#3342,#3343),.UNSPECIFIED.,.F.,.F.,(4,2,2,2,2,2,2,2,2,2,2,2,2,2,4),(4.43407813642526,4.51378027260942,4.55764554563765,4.64307018742681,4.84108534036389,5.36066411023322,6.00589065743555,6.65111720463788,7.29634375184022,7.94157029904255,8.46114906891188,8.65916422184896,8.74458886363812,8.78845413666635,8.86815627285051),.UNSPECIFIED.);
#2448=VERTEX_POINT('',#3344);
#2449=VERTEX_POINT('',#3345);
#2450=CIRCLE('',#3346,0.755387931034482);
#2451=VERTEX_POINT('',#3347);
#2452=LINE('',#3348,#3349);
#2453=VERTEX_POINT('',#3350);
#2454=CIRCLE('',#3351,0.755387931034482);
#2455=LINE('',#3352,#3353);
#2456=VERTEX_POINT('',#3354);
#2457=LINE('',#3355,#3356);
#2458=VERTEX_POINT('',#3357);
#2459=LINE('',#3358,#3359);
#2460=LINE('',#3360,#3361);
#2461=VERTEX_POINT('',#3362);
#2462=CIRCLE('',#3363,0.755387931034482);
#2463=VERTEX_POINT('',#3364);
#2464=CIRCLE('',#3365,0.755387931034482);
#2465=LINE('',#3366,#3367);
#2466=LINE('',#3368,#3369);
#2467=LINE('',#3370,#3371);
#2468=VERTEX_POINT('',#3372);
#2469=LINE('',#3373,#3374);
#2470=VERTEX_POINT('',#3375);
#2471=LINE('',#3376,#3377);
#2472=LINE('',#3378,#3379);
#2473=VERTEX_POINT('',#3380);
#2474=LINE('',#3381,#3382);
#2475=LINE('',#3383,#3384);
#2476=VERTEX_POINT('',#3385);
#2477=LINE('',#3386,#3387);
#2478=LINE('',#3388,#3389);
#2479=LINE('',#3390,#3391);
#2480=VERTEX_POINT('',#3392);
#2481=CIRCLE('',#3393,1.46);
#2482=CIRCLE('',#3394,1.46);
#2483=VERTEX_POINT('',#3395);
#2484=ELLIPSE('',#3396,1.46288667268387,1.46);
#2485=ELLIPSE('',#3397,1.46288667268387,1.46);
#2486=VERTEX_POINT('',#3398);
#2487=CIRCLE('',#3399,3.175);
#2488=VERTEX_POINT('',#3400);
#2489=LINE('',#3401,#3402);
#2490=VERTEX_POINT('',#3403);
#2491=CIRCLE('',#3404,3.175);
#2492=LINE('',#3405,#3406);
#2493=CIRCLE('',#3407,3.175);
#2494=VERTEX_POINT('',#3408);
#2495=VERTEX_POINT('',#3409);
#2496=LINE('',#3410,#3411);
#2497=VERTEX_POINT('',#3412);
#2498=LINE('',#3413,#3414);
#2499=VERTEX_POINT('',#3415);
#2500=LINE('',#3416,#3417);
#2501=LINE('',#3418,#3419);
#2502=VERTEX_POINT('',#3420);
#2503=LINE('',#3421,#3422);
#2504=LINE('',#3423,#3424);
#2505=(B_SPLINE_CURVE(2,(#3426,#3427,#3428),.UNSPECIFIED.,.F.,.F.)B_SPLINE_CURVE_WITH_KNOTS((3,3),(0.0,0.489664043467916),.UNSPECIFIED.)RATIONAL_B_SPLINE_CURVE((1.0,1.0016902498171,1.0))BOUNDED_CURVE()REPRESENTATION_ITEM('')GEOMETRIC_REPRESENTATION_ITEM()CURVE());
#2506=LINE('',#3435,#3436);
#2507=LINE('',#3437,#3438);
#2508=CIRCLE('',#3439,2.83130625);
#2509=CIRCLE('',#3440,2.425);
#2510=CIRCLE('',#3441,2.425);
#2511=VERTEX_POINT('',#3442);
#2512=VERTEX_POINT('',#3443);
#2513=LINE('',#3444,#3445);
#2514=VERTEX_POINT('',#3446);
#2515=LINE('',#3447,#3448);
#2516=VERTEX_POINT('',#3449);
#2517=LINE('',#3450,#3451);
#2518=VERTEX_POINT('',#3452);
#2519=LINE('',#3453,#3454);
#2520=VERTEX_POINT('',#3455);
#2521=LINE('',#3456,#3457);
#2522=VERTEX_POINT('',#3458);
#2523=LINE('',#3459,#3460);
#2524=VERTEX_POINT('',#3461);
#2525=LINE('',#3462,#3463);
#2526=VERTEX_POINT('',#3464);
#2527=LINE('',#3465,#3466);
#2528=VERTEX_POINT('',#3467);
#2529=LINE('',#3468,#3469);
#2530=VERTEX_POINT('',#3470);
#2531=LINE('',#3471,#3472);
#2532=VERTEX_POINT('',#3473);
#2533=LINE('',#3474,#3475);
#2534=LINE('',#3476,#3477);
#2535=VERTEX_POINT('',#3478);
#2536=CIRCLE('',#3479,0.5);
#2537=VERTEX_POINT('',#3480);
#2538=LINE('',#3481,#3482);
#2539=CIRCLE('',#3483,0.5);
#2540=VERTEX_POINT('',#3484);
#2541=LINE('',#3485,#3486);
#2542=VERTEX_POINT('',#3487);
#2543=LINE('',#3488,#3489);
#2544=LINE('',#3490,#3491);
#2545=VERTEX_POINT('',#3492);
#2546=CIRCLE('',#3493,0.5);
#2547=VERTEX_POINT('',#3494);
#2548=LINE('',#3495,#3496);
#2549=CIRCLE('',#3497,0.5);
#2550=VERTEX_POINT('',#3498);
#2551=LINE('',#3499,#3500);
#2552=VERTEX_POINT('',#3501);
#2553=LINE('',#3502,#3503);
#2554=VERTEX_POINT('',#3504);
#2555=LINE('',#3505,#3506);
#2556=VERTEX_POINT('',#3507);
#2557=LINE('',#3508,#3509);
#2558=VERTEX_POINT('',#3510);
#2559=LINE('',#3511,#3512);
#2560=VERTEX_POINT('',#3513);
#2561=LINE('',#3514,#3515);
#2562=VERTEX_POINT('',#3516);
#2563=LINE('',#3517,#3518);
#2564=VERTEX_POINT('',#3519);
#2565=LINE('',#3520,#3521);
#2566=VERTEX_POINT('',#3522);
#2567=LINE('',#3523,#3524);
#2568=VERTEX_POINT('',#3525);
#2569=LINE('',#3526,#3527);
#2570=LINE('',#3528,#3529);
#2571=VERTEX_POINT('',#3530);
#2572=LINE('',#3531,#3532);
#2573=VERTEX_POINT('',#3533);
#2574=LINE('',#3534,#3535);
#2575=LINE('',#3536,#3537);
#2576=VERTEX_POINT('',#3538);
#2577=LINE('',#3539,#3540);
#2578=VERTEX_POINT('',#3541);
#2579=LINE('',#3542,#3543);
#2580=LINE('',#3544,#3545);
#2581=VERTEX_POINT('',#3546);
#2582=VERTEX_POINT('',#3547);
#2583=LINE('',#3548,#3549);
#2584=VERTEX_POINT('',#3550);
#2585=LINE('',#3551,#3552);
#2586=VERTEX_POINT('',#3553);
#2587=CIRCLE('',#3554,0.25);
#2588=VERTEX_POINT('',#3555);
#2589=LINE('',#3556,#3557);
#2590=VERTEX_POINT('',#3558);
#2591=LINE('',#3559,#3560);
#2592=VERTEX_POINT('',#3561);
#2593=LINE('',#3562,#3563);
#2594=CIRCLE('',#3564,0.15);
#2595=VERTEX_POINT('',#3565);
#2596=LINE('',#3566,#3567);
#2597=VERTEX_POINT('',#3568);
#2598=LINE('',#3569,#3570);
#2599=LINE('',#3571,#3572);
#2600=VERTEX_POINT('',#3573);
#2601=CIRCLE('',#3574,0.25);
#2602=LINE('',#3575,#3576);
#2603=VERTEX_POINT('',#3577);
#2604=LINE('',#3578,#3579);
#2605=LINE('',#3580,#3581);
#2606=VERTEX_POINT('',#3582);
#2607=LINE('',#3583,#3584);
#2608=LINE('',#3585,#3586);
#2609=VERTEX_POINT('',#3587);
#2610=LINE('',#3588,#3589);
#2611=LINE('',#3590,#3591);
#2612=VERTEX_POINT('',#3592);
#2613=CIRCLE('',#3593,0.15);
#2614=LINE('',#3594,#3595);
#2615=LINE('',#3596,#3597);
#2616=VERTEX_POINT('',#3598);
#2617=VERTEX_POINT('',#3599);
#2618=LINE('',#3600,#3601);
#2619=VERTEX_POINT('',#3602);
#2620=LINE('',#3603,#3604);
#2621=VERTEX_POINT('',#3605);
#2622=CIRCLE('',#3606,0.25);
#2623=VERTEX_POINT('',#3607);
#2624=LINE('',#3608,#3609);
#2625=VERTEX_POINT('',#3610);
#2626=LINE('',#3611,#3612);
#2627=VERTEX_POINT('',#3613);
#2628=LINE('',#3614,#3615);
#2629=CIRCLE('',#3616,0.15);
#2630=VERTEX_POINT('',#3617);
#2631=LINE('',#3618,#3619);
#2632=VERTEX_POINT('',#3620);
#2633=LINE('',#3621,#3622);
#2634=LINE('',#3623,#3624);
#2635=VERTEX_POINT('',#3625);
#2636=CIRCLE('',#3626,0.25);
#2637=LINE('',#3627,#3628);
#2638=VERTEX_POINT('',#3629);
#2639=LINE('',#3630,#3631);
#2640=LINE('',#3632,#3633);
#2641=VERTEX_POINT('',#3634);
#2642=LINE('',#3635,#3636);
#2643=LINE('',#3637,#3638);
#2644=VERTEX_POINT('',#3639);
#2645=LINE('',#3640,#3641);
#2646=LINE('',#3642,#3643);
#2647=VERTEX_POINT('',#3644);
#2648=CIRCLE('',#3645,0.15);
#2649=LINE('',#3646,#3647);
#2650=LINE('',#3648,#3649);
#2651=VERTEX_POINT('',#3650);
#2652=VERTEX_POINT('',#3651);
#2653=LINE('',#3652,#3653);
#2654=VERTEX_POINT('',#3654);
#2655=LINE('',#3655,#3656);
#2656=VERTEX_POINT('',#3657);
#2657=CIRCLE('',#3658,0.25);
#2658=VERTEX_POINT('',#3659);
#2659=LINE('',#3660,#3661);
#2660=VERTEX_POINT('',#3662);
#2661=LINE('',#3663,#3664);
#2662=VERTEX_POINT('',#3665);
#2663=LINE('',#3666,#3667);
#2664=CIRCLE('',#3668,0.15);
#2665=VERTEX_POINT('',#3669);
#2666=LINE('',#3670,#3671);
#2667=VERTEX_POINT('',#3672);
#2668=LINE('',#3673,#3674);
#2669=LINE('',#3675,#3676);
#2670=VERTEX_POINT('',#3677);
#2671=CIRCLE('',#3678,0.25);
#2672=LINE('',#3679,#3680);
#2673=VERTEX_POINT('',#3681);
#2674=LINE('',#3682,#3683);
#2675=LINE('',#3684,#3685);
#2676=VERTEX_POINT('',#3686);
#2677=LINE('',#3687,#3688);
#2678=LINE('',#3689,#3690);
#2679=VERTEX_POINT('',#3691);
#2680=LINE('',#3692,#3693);
#2681=LINE('',#3694,#3695);
#2682=VERTEX_POINT('',#3696);
#2683=CIRCLE('',#3697,0.15);
#2684=LINE('',#3698,#3699);
#2685=LINE('',#3700,#3701);
#2686=VERTEX_POINT('',#3702);
#2687=VERTEX_POINT('',#3703);
#2688=LINE('',#3704,#3705);
#2689=VERTEX_POINT('',#3706);
#2690=LINE('',#3707,#3708);
#2691=VERTEX_POINT('',#3709);
#2692=CIRCLE('',#3710,0.25);
#2693=VERTEX_POINT('',#3711);
#2694=LINE('',#3712,#3713);
#2695=VERTEX_POINT('',#3714);
#2696=LINE('',#3715,#3716);
#2697=VERTEX_POINT('',#3717);
#2698=LINE('',#3718,#3719);
#2699=CIRCLE('',#3720,0.15);
#2700=VERTEX_POINT('',#3721);
#2701=LINE('',#3722,#3723);
#2702=VERTEX_POINT('',#3724);
#2703=LINE('',#3725,#3726);
#2704=LINE('',#3727,#3728);
#2705=VERTEX_POINT('',#3729);
#2706=CIRCLE('',#3730,0.25);
#2707=LINE('',#3731,#3732);
#2708=VERTEX_POINT('',#3733);
#2709=LINE('',#3734,#3735);
#2710=LINE('',#3736,#3737);
#2711=VERTEX_POINT('',#3738);
#2712=LINE('',#3739,#3740);
#2713=LINE('',#3741,#3742);
#2714=VERTEX_POINT('',#3743);
#2715=LINE('',#3744,#3745);
#2716=LINE('',#3746,#3747);
#2717=VERTEX_POINT('',#3748);
#2718=CIRCLE('',#3749,0.15);
#2719=LINE('',#3750,#3751);
#2720=LINE('',#3752,#3753);
#2721=VERTEX_POINT('',#3754);
#2722=VERTEX_POINT('',#3755);
#2723=LINE('',#3756,#3757);
#2724=VERTEX_POINT('',#3758);
#2725=LINE('',#3759,#3760);
#2726=VERTEX_POINT('',#3761);
#2727=LINE('',#3762,#3763);
#2728=LINE('',#3764,#3765);
#2729=LINE('',#3766,#3767);
#2730=VERTEX_POINT('',#3768);
#2731=LINE('',#3769,#3770);
#2732=VERTEX_POINT('',#3771);
#2733=LINE('',#3772,#3773);
#2734=LINE('',#3774,#3775);
#2735=LINE('',#3776,#3777);
#2736=VERTEX_POINT('',#3778);
#2737=LINE('',#3779,#3780);
#2738=VERTEX_POINT('',#3781);
#2739=LINE('',#3782,#3783);
#2740=LINE('',#3784,#3785);
#2741=LINE('',#3786,#3787);
#2742=LINE('',#3788,#3789);
#2743=VERTEX_POINT('',#3790);
#2744=LINE('',#3791,#3792);
#2745=VERTEX_POINT('',#3793);
#2746=LINE('',#3794,#3795);
#2747=LINE('',#3796,#3797);
#2748=VERTEX_POINT('',#3798);
#2749=LINE('',#3799,#3800);
#2750=VERTEX_POINT('',#3801);
#2751=LINE('',#3802,#3803);
#2752=LINE('',#3804,#3805);
#2753=VERTEX_POINT('',#3806);
#2754=LINE('',#3807,#3808);
#2755=VERTEX_POINT('',#3809);
#2756=LINE('',#3810,#3811);
#2757=LINE('',#3812,#3813);
#2758=LINE('',#3814,#3815);
#2759=LINE('',#3816,#3817);
#2760=VERTEX_POINT('',#3818);
#2761=CIRCLE('',#3819,0.5);
#2762=VERTEX_POINT('',#3820);
#2763=CIRCLE('',#3821,0.5);
#2764=LINE('',#3822,#3823);
#2765=VERTEX_POINT('',#3824);
#2766=LINE('',#3825,#3826);
#2767=VERTEX_POINT('',#3827);
#2768=LINE('',#3828,#3829);
#2769=LINE('',#3830,#3831);
#2770=CIRCLE('',#3832,0.5);
#2771=CIRCLE('',#3833,0.5);
#2772=VERTEX_POINT('',#3834);
#2773=LINE('',#3835,#3836);
#2774=VERTEX_POINT('',#3837);
#2775=LINE('',#3838,#3839);
#2776=LINE('',#3840,#3841);
#2777=VERTEX_POINT('',#3842);
#2778=LINE('',#3843,#3844);
#2779=VERTEX_POINT('',#3845);
#2780=LINE('',#3846,#3847);
#2781=VERTEX_POINT('',#3848);
#2782=LINE('',#3849,#3850);
#2783=VERTEX_POINT('',#3851);
#2784=LINE('',#3852,#3853);
#2785=VERTEX_POINT('',#3854);
#2786=LINE('',#3855,#3856);
#2787=VERTEX_POINT('',#3857);
#2788=LINE('',#3858,#3859);
#2789=VERTEX_POINT('',#3860);
#2790=LINE('',#3861,#3862);
#2791=VERTEX_POINT('',#3863);
#2792=LINE('',#3864,#3865);
#2793=VERTEX_POINT('',#3866);
#2794=LINE('',#3867,#3868);
#2795=VERTEX_POINT('',#3869);
#2796=LINE('',#3870,#3871);
#2797=LINE('',#3872,#3873);
#2798=VERTEX_POINT('',#3874);
#2799=LINE('',#3875,#3876);
#2800=VERTEX_POINT('',#3877);
#2801=LINE('',#3878,#3879);
#2802=LINE('',#3880,#3881);
#2803=VERTEX_POINT('',#3882);
#2804=LINE('',#3883,#3884);
#2805=VERTEX_POINT('',#3885);
#2806=LINE('',#3886,#3887);
#2807=VERTEX_POINT('',#3888);
#2808=CIRCLE('',#3889,0.5);
#2809=VERTEX_POINT('',#3890);
#2810=LINE('',#3891,#3892);
#2811=VERTEX_POINT('',#3893);
#2812=CIRCLE('',#3894,0.5);
#2813=LINE('',#3895,#3896);
#2814=VERTEX_POINT('',#3897);
#2815=LINE('',#3898,#3899);
#2816=VERTEX_POINT('',#3900);
#2817=LINE('',#3901,#3902);
#2818=LINE('',#3903,#3904);
#2819=VERTEX_POINT('',#3905);
#2820=LINE('',#3906,#3907);
#2821=VERTEX_POINT('',#3908);
#2822=LINE('',#3909,#3910);
#2823=LINE('',#3911,#3912);
#2824=VERTEX_POINT('',#3913);
#2825=LINE('',#3914,#3915);
#2826=VERTEX_POINT('',#3916);
#2827=CIRCLE('',#3917,0.6);
#2828=LINE('',#3918,#3919);
#2829=VERTEX_POINT('',#3920);
#2830=LINE('',#3921,#3922);
#2831=CIRCLE('',#3923,0.6);
#2832=VERTEX_POINT('',#3924);
#2833=LINE('',#3925,#3926);
#2834=LINE('',#3927,#3928);
#2835=VERTEX_POINT('',#3929);
#2836=CIRCLE('',#3930,0.6);
#2837=LINE('',#3931,#3932);
#2838=LINE('',#3933,#3934);
#2839=VERTEX_POINT('',#3935);
#2840=CIRCLE('',#3936,0.6);
#2841=LINE('',#3937,#3938);
#2842=LINE('',#3939,#3940);
#2843=VERTEX_POINT('',#3941);
#2844=VERTEX_POINT('',#3942);
#2845=CIRCLE('',#3943,0.6);
#2846=VERTEX_POINT('',#3944);
#2847=LINE('',#3945,#3946);
#2848=VERTEX_POINT('',#3947);
#2849=CIRCLE('',#3948,0.6);
#2850=LINE('',#3949,#3950);
#2851=VERTEX_POINT('',#3951);
#2852=LINE('',#3952,#3953);
#2853=VERTEX_POINT('',#3954);
#2854=LINE('',#3955,#3956);
#2855=LINE('',#3957,#3958);
#2856=VERTEX_POINT('',#3959);
#2857=VERTEX_POINT('',#3960);
#2858=CIRCLE('',#3961,0.6);
#2859=VERTEX_POINT('',#3962);
#2860=LINE('',#3963,#3964);
#2861=VERTEX_POINT('',#3965);
#2862=CIRCLE('',#3966,0.6);
#2863=LINE('',#3967,#3968);
#2864=VERTEX_POINT('',#3969);
#2865=VERTEX_POINT('',#3970);
#2866=LINE('',#3971,#3972);
#2867=LINE('',#3973,#3974);
#2868=LINE('',#3975,#3976);
#2869=VERTEX_POINT('',#3977);
#2870=LINE('',#3978,#3979);
#2871=LINE('',#3980,#3981);
#2872=VERTEX_POINT('',#3982);
#2873=LINE('',#3983,#3984);
#2874=VERTEX_POINT('',#3985);
#2875=LINE('',#3986,#3987);
#2876=LINE('',#3988,#3989);
#2877=VERTEX_POINT('',#3990);
#2878=LINE('',#3991,#3992);
#2879=LINE('',#3993,#3994);
#2880=LINE('',#3995,#3996);
#2881=VERTEX_POINT('',#3997);
#2882=LINE('',#3998,#3999);
#2883=VERTEX_POINT('',#4000);
#2884=CIRCLE('',#4001,0.5);
#2885=VERTEX_POINT('',#4002);
#2886=LINE('',#4003,#4004);
#2887=VERTEX_POINT('',#4005);
#2888=CIRCLE('',#4006,0.5);
#2889=LINE('',#4007,#4008);
#2890=LINE('',#4009,#4010);
#2891=LINE('',#4011,#4012);
#2892=VERTEX_POINT('',#4013);
#2893=LINE('',#4014,#4015);
#2894=VERTEX_POINT('',#4016);
#2895=LINE('',#4017,#4018);
#2896=VERTEX_POINT('',#4019);
#2897=LINE('',#4020,#4021);
#2898=VERTEX_POINT('',#4022);
#2899=CIRCLE('',#4023,0.5);
#2900=VERTEX_POINT('',#4024);
#2901=LINE('',#4025,#4026);
#2902=VERTEX_POINT('',#4027);
#2903=CIRCLE('',#4028,0.5);
#2904=VERTEX_POINT('',#4029);
#2905=LINE('',#4030,#4031);
#2906=LINE('',#4032,#4033);
#2907=VERTEX_POINT('',#4034);
#2908=LINE('',#4035,#4036);
#2909=LINE('',#4037,#4038);
#2910=VERTEX_POINT('',#4039);
#2911=LINE('',#4040,#4041);
#2912=VERTEX_POINT('',#4042);
#2913=CIRCLE('',#4043,0.5);
#2914=VERTEX_POINT('',#4044);
#2915=LINE('',#4045,#4046);
#2916=VERTEX_POINT('',#4047);
#2917=CIRCLE('',#4048,0.5);
#2918=VERTEX_POINT('',#4049);
#2919=LINE('',#4050,#4051);
#2920=LINE('',#4052,#4053);
#2921=LINE('',#4054,#4055);
#2922=LINE('',#4056,#4057);
#2923=LINE('',#4058,#4059);
#2924=LINE('',#4060,#4061);
#2925=LINE('',#4062,#4063);
#2926=LINE('',#4064,#4065);
#2927=LINE('',#4066,#4067);
#2928=LINE('',#4068,#4069);
#2929=LINE('',#4070,#4071);
#2930=LINE('',#4072,#4073);
#2931=CARTESIAN_POINT('',(-2.83130625,17.78,-3.46723562336701E-16));
#2932=CARTESIAN_POINT('',(-3.175,17.43630625,-3.88812517338605E-16));
#2933=CARTESIAN_POINT('',(-3.003153125,17.608153125,-3.67768039837653E-16));
#2934=VECTOR('',#4074,1.0);
#2935=CARTESIAN_POINT('',(-0.51,17.43630625,3.13377168919499));
#2936=AXIS2_PLACEMENT_3D('',#4075,#4076,#4077);
#2937=CARTESIAN_POINT('',(-0.51,17.78,2.7849946285925));
#2939=CARTESIAN_POINT('',(-0.51,17.43630625,3.13377168919499));
#2940=CARTESIAN_POINT('',(-0.51,17.6182796014835,2.94940427246445));
#2941=CARTESIAN_POINT('',(-0.51,17.78,2.7849946285925));
#2948=AXIS2_PLACEMENT_3D('',#4078,#4079,#4080);
#2949=CARTESIAN_POINT('',(3.175,17.43630625,3.88812517338605E-16));
#2950=CARTESIAN_POINT('',(2.83130625,17.78,3.46723562336701E-16));
#2951=CARTESIAN_POINT('',(3.003153125,17.608153125,3.67768039837653E-16));
#2952=VECTOR('',#4081,1.0);
#2953=AXIS2_PLACEMENT_3D('',#4082,#4083,#4084);
#2954=AXIS2_PLACEMENT_3D('',#4085,#4086,#4087);
#2955=CARTESIAN_POINT('',(2.425,17.28,0.0));
#2956=CARTESIAN_POINT('',(2.425,17.78,0.0));
#2957=CARTESIAN_POINT('',(2.425,17.53,2.96967040801926E-16));
#2958=VECTOR('',#4088,1.0);
#2959=CARTESIAN_POINT('',(-2.425,17.28,-2.96967040801926E-16));
#2960=AXIS2_PLACEMENT_3D('',#4089,#4090,#4091);
#2961=CARTESIAN_POINT('',(-2.425,17.78,-2.96967040801926E-16));
#2962=CARTESIAN_POINT('',(-2.425,17.53,-2.96967040801926E-16));
#2963=VECTOR('',#4092,1.0);
#2964=AXIS2_PLACEMENT_3D('',#4093,#4094,#4095);
#2965=CARTESIAN_POINT('',(3.175,8.89,3.88812517338605E-16));
#2966=CARTESIAN_POINT('',(3.175,12.663153125,3.88812517338605E-16));
#2967=VECTOR('',#4096,1.0);
#2968=CARTESIAN_POINT('',(-3.175,8.89,-3.88812517338605E-16));
#2969=AXIS2_PLACEMENT_3D('',#4097,#4098,#4099);
#2970=CARTESIAN_POINT('',(-3.175,12.663153125,-3.88812517338605E-16));
#2971=VECTOR('',#4100,1.0);
#2972=CARTESIAN_POINT('',(1.46,17.28,0.0314573336268249));
#2973=CARTESIAN_POINT('',(1.46,26.7103659478613,0.624765669316668));
#2974=CARTESIAN_POINT('',(1.46,21.7451829739307,0.312382834658334));
#2975=VECTOR('',#4101,1.0);
#2976=CARTESIAN_POINT('',(-1.46,17.28,0.0314573336268245));
#2977=AXIS2_PLACEMENT_3D('',#4102,#4103,#4104);
#2978=CARTESIAN_POINT('',(-1.46,26.7103659478613,0.624765669316668));
#2979=CARTESIAN_POINT('',(-1.46,21.7451829739307,0.312382834658334));
#2980=VECTOR('',#4105,1.0);
#2981=CARTESIAN_POINT('',(0.0,26.8020401063741,-0.832353354188609));
#2982=AXIS2_PLACEMENT_3D('',#4106,#4107,#4108);
#2983=AXIS2_PLACEMENT_3D('',#4109,#4110,#4111);
#2984=CARTESIAN_POINT('',(-1.015,-0.336371637238182,5.08));
#2985=CARTESIAN_POINT('',(-1.015,-0.336371637238182,4.32));
#2986=AXIS2_PLACEMENT_3D('',#4112,#4113,#4114);
#2987=CARTESIAN_POINT('',(1.015,-0.336371637238182,5.08));
#2988=CARTESIAN_POINT('',(1.17297844627457,-0.284977327291743,5.08));
#2989=CARTESIAN_POINT('',(0.996327931695363,-0.347857203231313,5.08));
#2990=CARTESIAN_POINT('',(0.797213578020343,-0.398906237665729,5.08));
#2991=CARTESIAN_POINT('',(0.392812508736158,-0.465019170119596,5.08));
#2992=CARTESIAN_POINT('',(0.18750808809029,-0.479974723999872,5.08));
#2993=CARTESIAN_POINT('',(-0.18750808809029,-0.479974723999872,5.08));
#2994=CARTESIAN_POINT('',(-0.392812508736158,-0.465019170119596,5.08));
#2995=CARTESIAN_POINT('',(-0.797213578020343,-0.398906237665729,5.08));
#2996=CARTESIAN_POINT('',(-0.996327931695363,-0.347857203231313,5.08));
#2997=CARTESIAN_POINT('',(-1.17297844627457,-0.284977327291742,5.08));
#2998=CARTESIAN_POINT('',(1.015,-0.336371637238182,4.32));
#2999=AXIS2_PLACEMENT_3D('',#4115,#4116,#4117);
#3000=CARTESIAN_POINT('',(-1.17297844627458,-0.284977327291743,4.32));
#3001=CARTESIAN_POINT('',(-0.996327931695364,-0.347857203231313,4.32));
#3002=CARTESIAN_POINT('',(-0.797213578020343,-0.39890623766573,4.32));
#3003=CARTESIAN_POINT('',(-0.392812508736158,-0.465019170119596,4.32));
#3004=CARTESIAN_POINT('',(-0.18750808809029,-0.479974723999872,4.32));
#3005=CARTESIAN_POINT('',(0.18750808809029,-0.479974723999872,4.32));
#3006=CARTESIAN_POINT('',(0.392812508736158,-0.465019170119596,4.32));
#3007=CARTESIAN_POINT('',(0.797213578020343,-0.39890623766573,4.32));
#3008=CARTESIAN_POINT('',(0.996327931695364,-0.347857203231313,4.32));
#3009=CARTESIAN_POINT('',(1.17297844627457,-0.284977327291743,4.32));
#3010=CARTESIAN_POINT('',(-2.12004851411229,1.01030024190346E-16,4.7));
#3011=CARTESIAN_POINT('',(2.12004851411229,1.01030024190346E-16,4.7));
#3012=CARTESIAN_POINT('',(-2.12004851411229,1.01030024190346E-16,4.7));
#3013=CARTESIAN_POINT('',(-2.12004851411229,1.09395573422777E-16,4.72656737872806));
#3014=CARTESIAN_POINT('',(-2.11071626702201,1.07529004525858E-16,4.75705176893382));
#3015=CARTESIAN_POINT('',(-2.09134437218122,1.05303322780674E-16,4.79340111071597));
#3016=CARTESIAN_POINT('',(-2.08164460484926,1.04408060022883E-16,4.80802234397997));
#3017=CARTESIAN_POINT('',(-2.05550501050077,1.02310046420835E-16,4.84228663789775));
#3018=CARTESIAN_POINT('',(-2.03173057861953,1.00807274915446E-16,4.86682956960309));
#3019=CARTESIAN_POINT('',(-1.96188805678083,9.69113328407441E-17,4.93045723350572));
#3020=CARTESIAN_POINT('',(-1.89703649344465,9.41269519828542E-17,4.97593112557233));
#3021=CARTESIAN_POINT('',(-1.69412553322262,8.6371506041823E-17,5.10259135262119));
#3022=CARTESIAN_POINT('',(-1.50499394318908,8.10960327221261E-17,5.18874921556597));
#3023=CARTESIAN_POINT('',(-1.14083391151629,7.28492721982569E-17,5.32343348366777));
#3024=CARTESIAN_POINT('',(-0.913265537443865,5.90683096724849E-17,5.38530978693232));
#3025=CARTESIAN_POINT('',(-0.450396378275926,5.41469081509129E-17,5.46568502761617));
#3026=CARTESIAN_POINT('',(-0.215075515734111,6.30135514161065E-17,5.48406829911602));
#3027=CARTESIAN_POINT('',(0.215075515734112,6.30135514161065E-17,5.48406829911602));
#3028=CARTESIAN_POINT('',(0.450396378275926,5.41469081509129E-17,5.46568502761617));
#3029=CARTESIAN_POINT('',(0.913265537443865,5.90683096724849E-17,5.38530978693232));
#3030=CARTESIAN_POINT('',(1.14083391151629,7.28492721982569E-17,5.32343348366777));
#3031=CARTESIAN_POINT('',(1.50499394318908,8.10960327221261E-17,5.18874921556597));
#3032=CARTESIAN_POINT('',(1.69412553322262,8.6371506041823E-17,5.10259135262119));
#3033=CARTESIAN_POINT('',(1.89703649344465,9.41269519828542E-17,4.97593112557233));
#3034=CARTESIAN_POINT('',(1.96188805678083,9.69113328407441E-17,4.93045723350572));
#3035=CARTESIAN_POINT('',(2.03173057861953,1.00807274915446E-16,4.86682956960309));
#3036=CARTESIAN_POINT('',(2.05550501050077,1.02310046420835E-16,4.84228663789775));
#3037=CARTESIAN_POINT('',(2.08164460484926,1.04408060022883E-16,4.80802234397997));
#3038=CARTESIAN_POINT('',(2.09134437218122,1.05303322780674E-16,4.79340111071597));
#3039=CARTESIAN_POINT('',(2.11071626702201,1.07529004525858E-16,4.75705176893382));
#3040=CARTESIAN_POINT('',(2.12004851411229,9.9403295150607E-17,4.72656737872806));
#3041=CARTESIAN_POINT('',(2.12004851411229,1.01030024190346E-16,4.7));
#3042=CARTESIAN_POINT('',(2.12004851411229,1.01030024190346E-16,4.7));
#3043=CARTESIAN_POINT('',(2.12004851411229,1.12649031502255E-16,4.67343262127194));
#3044=CARTESIAN_POINT('',(2.11071626702201,1.14515600399174E-16,4.64294823106618));
#3045=CARTESIAN_POINT('',(2.09134437218122,1.16741282144358E-16,4.60659888928403));
#3046=CARTESIAN_POINT('',(2.08164460484926,1.17636544902149E-16,4.59197765602003));
#3047=CARTESIAN_POINT('',(2.05550501050077,1.19734558504196E-16,4.55771336210225));
#3048=CARTESIAN_POINT('',(2.03173057861953,1.21237330009585E-16,4.53317043039691));
#3049=CARTESIAN_POINT('',(1.96188805678083,1.25133272084287E-16,4.46954276649428));
#3050=CARTESIAN_POINT('',(1.89703649344465,1.27917652942177E-16,4.42406887442768));
#3051=CARTESIAN_POINT('',(1.69412553322262,1.35673098883208E-16,4.29740864737881));
#3052=CARTESIAN_POINT('',(1.50499394318908,1.40948572202905E-16,4.21125078443403));
#3053=CARTESIAN_POINT('',(1.14083391151629,1.49195332726774E-16,4.07656651633223));
#3054=CARTESIAN_POINT('',(0.913265537443865,1.42991757237053E-16,4.01469021306768));
#3055=CARTESIAN_POINT('',(0.450396378275926,1.47913158758625E-16,3.93431497238383));
#3056=CARTESIAN_POINT('',(0.215075515734112,1.59031053508925E-16,3.91593170088398));
#3057=CARTESIAN_POINT('',(-0.215075515734112,1.59031053508925E-16,3.91593170088398));
#3058=CARTESIAN_POINT('',(-0.450396378275926,1.47913158758625E-16,3.93431497238383));
#3059=CARTESIAN_POINT('',(-0.913265537443865,1.42991757237053E-16,4.01469021306768));
#3060=CARTESIAN_POINT('',(-1.14083391151629,1.49195332726774E-16,4.07656651633223));
#3061=CARTESIAN_POINT('',(-1.50499394318908,1.40948572202905E-16,4.21125078443403));
#3062=CARTESIAN_POINT('',(-1.69412553322262,1.35673098883208E-16,4.29740864737881));
#3063=CARTESIAN_POINT('',(-1.89703649344465,1.27917652942177E-16,4.42406887442768));
#3064=CARTESIAN_POINT('',(-1.96188805678083,1.25133272084287E-16,4.46954276649428));
#3065=CARTESIAN_POINT('',(-2.03173057861953,1.21237330009585E-16,4.53317043039691));
#3066=CARTESIAN_POINT('',(-2.05550501050077,1.19734558504196E-16,4.55771336210225));
#3067=CARTESIAN_POINT('',(-2.08164460484926,1.17636544902149E-16,4.59197765602003));
#3068=CARTESIAN_POINT('',(-2.09134437218122,1.16741282144358E-16,4.60659888928403));
#3069=CARTESIAN_POINT('',(-2.11071626702201,1.14515600399174E-16,4.64294823106618));
#3070=CARTESIAN_POINT('',(-2.12004851411229,1.02656753230085E-16,4.67343262127194));
#3071=CARTESIAN_POINT('',(-2.12004851411229,1.01030024190346E-16,4.7));
#3072=CARTESIAN_POINT('',(-0.595,-2.97,4.32));
#3073=CARTESIAN_POINT('',(0.595,-2.97,4.32));
#3074=AXIS2_PLACEMENT_3D('',#4118,#4119,#4120);
#3075=CARTESIAN_POINT('',(-0.595,-2.97,5.08));
#3076=CARTESIAN_POINT('',(-0.595,-2.97,3.7));
#3077=VECTOR('',#4121,1.0);
#3078=CARTESIAN_POINT('',(0.595,-2.97,5.08));
#3079=AXIS2_PLACEMENT_3D('',#4122,#4123,#4124);
#3080=CARTESIAN_POINT('',(0.595,-2.97,3.7));
#3081=VECTOR('',#4125,1.0);
#3082=CARTESIAN_POINT('',(0.595,-1.57,4.32));
#3083=CARTESIAN_POINT('',(0.595,-1.615,4.32));
#3084=VECTOR('',#4126,1.0);
#3085=CARTESIAN_POINT('',(0.595,-1.57,5.08));
#3086=CARTESIAN_POINT('',(0.595,-1.615,5.08));
#3087=VECTOR('',#4127,1.0);
#3088=CARTESIAN_POINT('',(0.595,-1.57,3.7));
#3089=VECTOR('',#4128,1.0);
#3090=CARTESIAN_POINT('',(-0.595,-1.57,4.32));
#3091=AXIS2_PLACEMENT_3D('',#4129,#4130,#4131);
#3092=CARTESIAN_POINT('',(-0.595,-1.57,5.08));
#3093=AXIS2_PLACEMENT_3D('',#4132,#4133,#4134);
#3094=CARTESIAN_POINT('',(-0.595,-1.57,3.7));
#3095=VECTOR('',#4135,1.0);
#3096=CARTESIAN_POINT('',(-0.595,-1.615,4.32));
#3097=VECTOR('',#4136,1.0);
#3098=CARTESIAN_POINT('',(-0.595,-1.615,5.08));
#3099=VECTOR('',#4137,1.0);
#3100=CARTESIAN_POINT('',(1.015,-3.96,4.32));
#3101=CARTESIAN_POINT('',(1.015,2.04,4.32));
#3102=VECTOR('',#4138,1.0);
#3103=CARTESIAN_POINT('',(-1.015,-3.96,4.32));
#3104=CARTESIAN_POINT('',(-1.015,-3.96,4.32));
#3105=VECTOR('',#4139,1.0);
#3106=CARTESIAN_POINT('',(-1.015,-3.96,4.32));
#3107=VECTOR('',#4140,1.0);
#3108=CARTESIAN_POINT('',(1.015,-3.96,5.08));
#3109=CARTESIAN_POINT('',(1.015,2.04,5.08));
#3110=VECTOR('',#4141,1.0);
#3111=CARTESIAN_POINT('',(1.015,-3.96,4.32));
#3112=VECTOR('',#4142,1.0);
#3113=CARTESIAN_POINT('',(-1.015,-3.96,5.08));
#3114=CARTESIAN_POINT('',(-1.015,-3.96,5.08));
#3115=VECTOR('',#4143,1.0);
#3116=CARTESIAN_POINT('',(-1.015,-3.96,5.08));
#3117=VECTOR('',#4144,1.0);
#3118=CARTESIAN_POINT('',(-1.015,-3.96,4.32));
#3119=VECTOR('',#4145,1.0);
#3120=CARTESIAN_POINT('',(-1.015,-0.336371637238182,-4.32));
#3121=CARTESIAN_POINT('',(-1.015,-0.336371637238182,-5.08));
#3122=AXIS2_PLACEMENT_3D('',#4146,#4147,#4148);
#3123=CARTESIAN_POINT('',(1.015,-0.336371637238182,-4.32));
#3124=CARTESIAN_POINT('',(1.17297844627457,-0.284977327291743,-4.32));
#3125=CARTESIAN_POINT('',(0.996327931695363,-0.347857203231313,-4.32));
#3126=CARTESIAN_POINT('',(0.797213578020343,-0.398906237665729,-4.32));
#3127=CARTESIAN_POINT('',(0.392812508736158,-0.465019170119596,-4.32));
#3128=CARTESIAN_POINT('',(0.18750808809029,-0.479974723999872,-4.32));
#3129=CARTESIAN_POINT('',(-0.18750808809029,-0.479974723999872,-4.32));
#3130=CARTESIAN_POINT('',(-0.392812508736158,-0.465019170119596,-4.32));
#3131=CARTESIAN_POINT('',(-0.797213578020343,-0.398906237665729,-4.32));
#3132=CARTESIAN_POINT('',(-0.996327931695363,-0.347857203231313,-4.32));
#3133=CARTESIAN_POINT('',(-1.17297844627457,-0.284977327291742,-4.32));
#3134=CARTESIAN_POINT('',(1.015,-0.336371637238182,-5.08));
#3135=AXIS2_PLACEMENT_3D('',#4149,#4150,#4151);
#3136=CARTESIAN_POINT('',(-1.17297844627458,-0.284977327291743,-5.08));
#3137=CARTESIAN_POINT('',(-0.996327931695364,-0.347857203231313,-5.08));
#3138=CARTESIAN_POINT('',(-0.797213578020343,-0.39890623766573,-5.08));
#3139=CARTESIAN_POINT('',(-0.392812508736158,-0.465019170119596,-5.08));
#3140=CARTESIAN_POINT('',(-0.18750808809029,-0.479974723999872,-5.08));
#3141=CARTESIAN_POINT('',(0.18750808809029,-0.479974723999872,-5.08));
#3142=CARTESIAN_POINT('',(0.392812508736158,-0.465019170119596,-5.08));
#3143=CARTESIAN_POINT('',(0.797213578020343,-0.39890623766573,-5.08));
#3144=CARTESIAN_POINT('',(0.996327931695364,-0.347857203231313,-5.08));
#3145=CARTESIAN_POINT('',(1.17297844627457,-0.284977327291743,-5.08));
#3146=CARTESIAN_POINT('',(-2.12004851411229,6.76595010486863E-16,-4.7));
#3147=CARTESIAN_POINT('',(2.12004851411229,6.76595010486863E-16,-4.7));
#3148=CARTESIAN_POINT('',(-2.12004851411229,6.76595010486863E-16,-4.7));
#3149=CARTESIAN_POINT('',(-2.12004851411229,6.64507085735355E-16,-4.67343262127195));
#3150=CARTESIAN_POINT('',(-2.11071626702201,6.62640516838436E-16,-4.64294823106618));
#3151=CARTESIAN_POINT('',(-2.09134437218122,6.60414835093252E-16,-4.60659888928404));
#3152=CARTESIAN_POINT('',(-2.08164460484926,6.59519572335461E-16,-4.59197765602003));
#3153=CARTESIAN_POINT('',(-2.05550501050078,6.57421558733413E-16,-4.55771336210225));
#3154=CARTESIAN_POINT('',(-2.03173057861953,6.55918787228024E-16,-4.53317043039691));
#3155=CARTESIAN_POINT('',(-1.96188805678083,6.52022845153322E-16,-4.46954276649428));
#3156=CARTESIAN_POINT('',(-1.89703649344466,6.49238464295432E-16,-4.42406887442768));
#3157=CARTESIAN_POINT('',(-1.69412553322262,6.41483018354401E-16,-4.29740864737881));
#3158=CARTESIAN_POINT('',(-1.50499394318908,6.36207545034704E-16,-4.21125078443403));
#3159=CARTESIAN_POINT('',(-1.14083391151629,6.27960784510835E-16,-4.07656651633223));
#3160=CARTESIAN_POINT('',(-0.913265537443865,6.3463328538109E-16,-4.01469021306768));
#3161=CARTESIAN_POINT('',(-0.450396378275926,6.29711883859518E-16,-3.93431497238383));
#3162=CARTESIAN_POINT('',(-0.215075515734112,6.18125063728685E-16,-3.91593170088398));
#3163=CARTESIAN_POINT('',(0.215075515734112,6.18125063728685E-16,-3.91593170088398));
#3164=CARTESIAN_POINT('',(0.450396378275927,6.29711870624629E-16,-3.93431497238383));
#3165=CARTESIAN_POINT('',(0.913265537443865,6.34633272146201E-16,-4.01469021306768));
#3166=CARTESIAN_POINT('',(1.14083391151629,6.27960784510835E-16,-4.07656651633223));
#3167=CARTESIAN_POINT('',(1.50499394318908,6.36207545034704E-16,-4.21125078443403));
#3168=CARTESIAN_POINT('',(1.69412553322262,6.41483018354401E-16,-4.29740864737881));
#3169=CARTESIAN_POINT('',(1.89703649344466,6.49238464295432E-16,-4.42406887442768));
#3170=CARTESIAN_POINT('',(1.96188805678083,6.52022845153322E-16,-4.46954276649428));
#3171=CARTESIAN_POINT('',(2.03173057861953,6.55918787228024E-16,-4.53317043039691));
#3172=CARTESIAN_POINT('',(2.05550501050078,6.57421558733414E-16,-4.55771336210225));
#3173=CARTESIAN_POINT('',(2.08164460484926,6.59519572335461E-16,-4.59197765602003));
#3174=CARTESIAN_POINT('',(2.09134437218122,6.60414835093252E-16,-4.60659888928404));
#3175=CARTESIAN_POINT('',(2.11071626702201,6.62640516838436E-16,-4.64294823106618));
#3176=CARTESIAN_POINT('',(2.12004851411229,6.74968281447124E-16,-4.67343262127195));
#3177=CARTESIAN_POINT('',(2.12004851411229,6.76595010486863E-16,-4.7));
#3178=CARTESIAN_POINT('',(2.12004851411229,6.76595010486863E-16,-4.7));
#3179=CARTESIAN_POINT('',(2.12004851411229,6.67760543814833E-16,-4.72656737872806));
#3180=CARTESIAN_POINT('',(2.11071626702201,6.69627112711752E-16,-4.75705176893382));
#3181=CARTESIAN_POINT('',(2.09134437218122,6.71852794456936E-16,-4.79340111071596));
#3182=CARTESIAN_POINT('',(2.08164460484926,6.72748057214727E-16,-4.80802234397997));
#3183=CARTESIAN_POINT('',(2.05550501050078,6.74846070816774E-16,-4.84228663789775));
#3184=CARTESIAN_POINT('',(2.03173057861953,6.76348842322164E-16,-4.86682956960309));
#3185=CARTESIAN_POINT('',(1.96188805678083,6.80244784396866E-16,-4.93045723350572));
#3186=CARTESIAN_POINT('',(1.89703649344466,6.83029165254755E-16,-4.97593112557232));
#3187=CARTESIAN_POINT('',(1.69412553322262,6.90784611195787E-16,-5.10259135262119));
#3188=CARTESIAN_POINT('',(1.50499394318908,6.96060084515484E-16,-5.18874921556597));
#3189=CARTESIAN_POINT('',(1.14083391151629,7.04306845039353E-16,-5.32343348366777));
#3190=CARTESIAN_POINT('',(0.913265537443865,7.18556772650328E-16,-5.38530978693232));
#3191=CARTESIAN_POINT('',(0.450396378275926,7.234781741719E-16,-5.46568502761617));
#3192=CARTESIAN_POINT('',(0.215075515734112,7.14142565821503E-16,-5.48406829911602));
#3193=CARTESIAN_POINT('',(-0.215075515734112,7.14142565821503E-16,-5.48406829911602));
#3194=CARTESIAN_POINT('',(-0.450396378275926,7.234781741719E-16,-5.46568502761617));
#3195=CARTESIAN_POINT('',(-0.913265537443865,7.18556772650328E-16,-5.38530978693232));
#3196=CARTESIAN_POINT('',(-1.14083391151629,7.04306845039353E-16,-5.32343348366777));
#3197=CARTESIAN_POINT('',(-1.50499394318908,6.96060084515484E-16,-5.18874921556597));
#3198=CARTESIAN_POINT('',(-1.69412553322262,6.90784611195787E-16,-5.10259135262119));
#3199=CARTESIAN_POINT('',(-1.89703649344466,6.83029165254755E-16,-4.97593112557232));
#3200=CARTESIAN_POINT('',(-1.96188805678083,6.80244784396866E-16,-4.93045723350572));
#3201=CARTESIAN_POINT('',(-2.03173057861953,6.76348842322164E-16,-4.86682956960309));
#3202=CARTESIAN_POINT('',(-2.05550501050078,6.74846070816774E-16,-4.84228663789775));
#3203=CARTESIAN_POINT('',(-2.08164460484926,6.72748057214727E-16,-4.80802234397997));
#3204=CARTESIAN_POINT('',(-2.09134437218122,6.71852794456936E-16,-4.79340111071596));
#3205=CARTESIAN_POINT('',(-2.11071626702201,6.69627112711752E-16,-4.75705176893382));
#3206=CARTESIAN_POINT('',(-2.12004851411229,6.78221739526602E-16,-4.72656737872806));
#3207=CARTESIAN_POINT('',(-2.12004851411229,6.76595010486863E-16,-4.7));
#3208=CARTESIAN_POINT('',(-0.595,-2.97,-5.08));
#3209=CARTESIAN_POINT('',(0.595,-2.97,-5.08));
#3210=AXIS2_PLACEMENT_3D('',#4152,#4153,#4154);
#3211=CARTESIAN_POINT('',(-0.595,-2.97,-4.32));
#3212=CARTESIAN_POINT('',(-0.595,-2.97,-5.7));
#3213=VECTOR('',#4155,1.0);
#3214=CARTESIAN_POINT('',(0.595,-2.97,-4.32));
#3215=AXIS2_PLACEMENT_3D('',#4156,#4157,#4158);
#3216=CARTESIAN_POINT('',(0.595,-2.97,-5.7));
#3217=VECTOR('',#4159,1.0);
#3218=CARTESIAN_POINT('',(0.595,-1.57,-5.08));
#3219=CARTESIAN_POINT('',(0.595,-1.615,-5.08));
#3220=VECTOR('',#4160,1.0);
#3221=CARTESIAN_POINT('',(0.595,-1.57,-4.32));
#3222=CARTESIAN_POINT('',(0.595,-1.615,-4.32));
#3223=VECTOR('',#4161,1.0);
#3224=CARTESIAN_POINT('',(0.595,-1.57,-5.7));
#3225=VECTOR('',#4162,1.0);
#3226=CARTESIAN_POINT('',(-0.595,-1.57,-5.08));
#3227=AXIS2_PLACEMENT_3D('',#4163,#4164,#4165);
#3228=CARTESIAN_POINT('',(-0.595,-1.57,-4.32));
#3229=AXIS2_PLACEMENT_3D('',#4166,#4167,#4168);
#3230=CARTESIAN_POINT('',(-0.595,-1.57,-5.7));
#3231=VECTOR('',#4169,1.0);
#3232=CARTESIAN_POINT('',(-0.595,-1.615,-5.08));
#3233=VECTOR('',#4170,1.0);
#3234=CARTESIAN_POINT('',(-0.595,-1.615,-4.32));
#3235=VECTOR('',#4171,1.0);
#3236=CARTESIAN_POINT('',(1.015,-3.96,-5.08));
#3237=CARTESIAN_POINT('',(1.015,2.04,-5.08));
#3238=VECTOR('',#4172,1.0);
#3239=CARTESIAN_POINT('',(-1.015,-3.96,-5.08));
#3240=CARTESIAN_POINT('',(-1.015,-3.96,-5.08));
#3241=VECTOR('',#4173,1.0);
#3242=CARTESIAN_POINT('',(-1.015,-3.96,-5.08));
#3243=VECTOR('',#4174,1.0);
#3244=CARTESIAN_POINT('',(1.015,-3.96,-4.32));
#3245=CARTESIAN_POINT('',(1.015,2.04,-4.32));
#3246=VECTOR('',#4175,1.0);
#3247=CARTESIAN_POINT('',(1.015,-3.96,-5.08));
#3248=VECTOR('',#4176,1.0);
#3249=CARTESIAN_POINT('',(-1.015,-3.96,-4.32));
#3250=CARTESIAN_POINT('',(-1.015,-3.96,-4.32));
#3251=VECTOR('',#4177,1.0);
#3252=CARTESIAN_POINT('',(-1.015,-3.96,-4.32));
#3253=VECTOR('',#4178,1.0);
#3254=CARTESIAN_POINT('',(-1.015,-3.96,-5.08));
#3255=VECTOR('',#4179,1.0);
#3256=CARTESIAN_POINT('',(-1.015,-0.336371637238182,0.38));
#3257=CARTESIAN_POINT('',(-1.015,-0.336371637238182,-0.38));
#3258=AXIS2_PLACEMENT_3D('',#4180,#4181,#4182);
#3259=CARTESIAN_POINT('',(1.015,-0.336371637238182,0.38));
#3260=CARTESIAN_POINT('',(1.17297844627457,-0.284977327291743,0.38));
#3261=CARTESIAN_POINT('',(0.996327931695363,-0.347857203231313,0.38));
#3262=CARTESIAN_POINT('',(0.797213578020343,-0.398906237665729,0.38));
#3263=CARTESIAN_POINT('',(0.392812508736158,-0.465019170119596,0.38));
#3264=CARTESIAN_POINT('',(0.18750808809029,-0.479974723999872,0.38));
#3265=CARTESIAN_POINT('',(-0.18750808809029,-0.479974723999872,0.38));
#3266=CARTESIAN_POINT('',(-0.392812508736158,-0.465019170119596,0.38));
#3267=CARTESIAN_POINT('',(-0.797213578020343,-0.398906237665729,0.38));
#3268=CARTESIAN_POINT('',(-0.996327931695363,-0.347857203231313,0.38));
#3269=CARTESIAN_POINT('',(-1.17297844627457,-0.284977327291742,0.38));
#3270=CARTESIAN_POINT('',(1.015,-0.336371637238182,-0.38));
#3271=AXIS2_PLACEMENT_3D('',#4183,#4184,#4185);
#3272=CARTESIAN_POINT('',(-1.17297844627458,-0.284977327291743,-0.38));
#3273=CARTESIAN_POINT('',(-0.996327931695364,-0.347857203231313,-0.38));
#3274=CARTESIAN_POINT('',(-0.797213578020343,-0.39890623766573,-0.38));
#3275=CARTESIAN_POINT('',(-0.392812508736158,-0.465019170119596,-0.38));
#3276=CARTESIAN_POINT('',(-0.18750808809029,-0.479974723999872,-0.38));
#3277=CARTESIAN_POINT('',(0.18750808809029,-0.479974723999872,-0.38));
#3278=CARTESIAN_POINT('',(0.392812508736158,-0.465019170119596,-0.38));
#3279=CARTESIAN_POINT('',(0.797213578020343,-0.39890623766573,-0.38));
#3280=CARTESIAN_POINT('',(0.996327931695364,-0.347857203231313,-0.38));
#3281=CARTESIAN_POINT('',(1.17297844627457,-0.284977327291743,-0.38));
#3282=CARTESIAN_POINT('',(-2.12004851411229,3.88812517338605E-16,-1.53075794227797E-17));
#3283=CARTESIAN_POINT('',(2.12004851411229,3.88812517338605E-16,-9.00899725190623E-16));
#3284=CARTESIAN_POINT('',(-2.12004851411229,3.88812517338605E-16,-1.53075794227797E-17));
#3285=CARTESIAN_POINT('',(-2.12004851411229,3.86951329579066E-16,0.026567378728056));
#3286=CARTESIAN_POINT('',(-2.11071626702201,3.85084760682147E-16,0.0570517689338168));
#3287=CARTESIAN_POINT('',(-2.09134437218122,3.82859078936963E-16,0.0934011107159662));
#3288=CARTESIAN_POINT('',(-2.08164460484926,3.81963816179172E-16,0.108022343979972));
#3289=CARTESIAN_POINT('',(-2.05550501050077,3.79865802577124E-16,0.142286637897751));
#3290=CARTESIAN_POINT('',(-2.03173057861953,3.78363031071735E-16,0.166829569603089));
#3291=CARTESIAN_POINT('',(-1.96188805678083,3.74467088997033E-16,0.23045723350572));
#3292=CARTESIAN_POINT('',(-1.89703649344465,3.71682708139143E-16,0.275931125572325));
#3293=CARTESIAN_POINT('',(-1.69412553322262,3.63927262198112E-16,0.402591352621189));
#3294=CARTESIAN_POINT('',(-1.50499394318908,3.58651788878415E-16,0.488749215565972));
#3295=CARTESIAN_POINT('',(-1.14083391151629,3.50405028354546E-16,0.623433483667773));
#3296=CARTESIAN_POINT('',(-0.913265537443865,3.46850771057008E-16,0.685309786932322));
#3297=CARTESIAN_POINT('',(-0.450396378275926,3.41929369535436E-16,0.765685027616169));
#3298=CARTESIAN_POINT('',(-0.215075515734112,3.40569307572396E-16,0.784068299116021));
#3299=CARTESIAN_POINT('',(0.215075515734112,3.40569307572396E-16,0.784068299116021));
#3300=CARTESIAN_POINT('',(0.450396378275926,3.41929382770326E-16,0.765685027616168));
#3301=CARTESIAN_POINT('',(0.913265537443865,3.46850784291898E-16,0.685309786932321));
#3302=CARTESIAN_POINT('',(1.14083391151629,3.50405028354546E-16,0.623433483667773));
#3303=CARTESIAN_POINT('',(1.50499394318908,3.58651788878415E-16,0.488749215565972));
#3304=CARTESIAN_POINT('',(1.69412553322262,3.63927262198112E-16,0.402591352621189));
#3305=CARTESIAN_POINT('',(1.89703649344465,3.71682708139143E-16,0.275931125572325));
#3306=CARTESIAN_POINT('',(1.96188805678083,3.74467088997033E-16,0.23045723350572));
#3307=CARTESIAN_POINT('',(2.03173057861953,3.78363031071735E-16,0.166829569603089));
#3308=CARTESIAN_POINT('',(2.05550501050077,3.79865802577124E-16,0.142286637897751));
#3309=CARTESIAN_POINT('',(2.08164460484926,3.81963816179172E-16,0.108022343979972));
#3310=CARTESIAN_POINT('',(2.09134437218122,3.82859078936963E-16,0.0934011107159662));
#3311=CARTESIAN_POINT('',(2.11071626702201,3.85084760682147E-16,0.0570517689338168));
#3312=CARTESIAN_POINT('',(2.12004851411229,3.87185788298866E-16,0.0265673787280551));
#3313=CARTESIAN_POINT('',(2.12004851411229,3.88812517338605E-16,-9.00899725190623E-16));
#3314=CARTESIAN_POINT('',(2.12004851411229,3.88812517338605E-16,-9.00899725190623E-16));
#3315=CARTESIAN_POINT('',(2.12004851411229,3.90204787658544E-16,-0.026567378728056));
#3316=CARTESIAN_POINT('',(2.11071626702201,3.92071356555463E-16,-0.0570517689338168));
#3317=CARTESIAN_POINT('',(2.09134437218122,3.94297038300647E-16,-0.0934011107159662));
#3318=CARTESIAN_POINT('',(2.08164460484926,3.95192301058438E-16,-0.108022343979972));
#3319=CARTESIAN_POINT('',(2.05550501050077,3.97290314660485E-16,-0.142286637897751));
#3320=CARTESIAN_POINT('',(2.03173057861953,3.98793086165875E-16,-0.166829569603089));
#3321=CARTESIAN_POINT('',(1.96188805678083,4.02689028240576E-16,-0.23045723350572));
#3322=CARTESIAN_POINT('',(1.89703649344465,4.05473409098466E-16,-0.275931125572325));
#3323=CARTESIAN_POINT('',(1.69412553322262,4.13228855039497E-16,-0.402591352621189));
#3324=CARTESIAN_POINT('',(1.50499394318908,4.18504328359194E-16,-0.488749215565972));
#3325=CARTESIAN_POINT('',(1.14083391151629,4.26751088883064E-16,-0.623433483667774));
#3326=CARTESIAN_POINT('',(0.913265537443865,4.30774245091356E-16,-0.685309786932322));
#3327=CARTESIAN_POINT('',(0.450396378275926,4.35695646612928E-16,-0.765685027616168));
#3328=CARTESIAN_POINT('',(0.215075515734111,4.36586809665214E-16,-0.784068299116021));
#3329=CARTESIAN_POINT('',(-0.215075515734111,4.36586809665214E-16,-0.784068299116021));
#3330=CARTESIAN_POINT('',(-0.450396378275926,4.35695646612928E-16,-0.765685027616168));
#3331=CARTESIAN_POINT('',(-0.913265537443865,4.30774245091356E-16,-0.685309786932322));
#3332=CARTESIAN_POINT('',(-1.14083391151629,4.26751088883064E-16,-0.623433483667774));
#3333=CARTESIAN_POINT('',(-1.50499394318908,4.18504328359194E-16,-0.488749215565972));
#3334=CARTESIAN_POINT('',(-1.69412553322262,4.13228855039497E-16,-0.402591352621189));
#3335=CARTESIAN_POINT('',(-1.89703649344465,4.05473409098466E-16,-0.275931125572325));
#3336=CARTESIAN_POINT('',(-1.96188805678083,4.02689028240576E-16,-0.23045723350572));
#3337=CARTESIAN_POINT('',(-2.03173057861953,3.98793086165875E-16,-0.166829569603089));
#3338=CARTESIAN_POINT('',(-2.05550501050077,3.97290314660485E-16,-0.142286637897751));
#3339=CARTESIAN_POINT('',(-2.08164460484926,3.95192301058438E-16,-0.108022343979972));
#3340=CARTESIAN_POINT('',(-2.09134437218122,3.94297038300647E-16,-0.0934011107159662));
#3341=CARTESIAN_POINT('',(-2.11071626702201,3.92071356555463E-16,-0.0570517689338168));
#3342=CARTESIAN_POINT('',(-2.12004851411229,3.90439246378344E-16,-0.026567378728056));
#3343=CARTESIAN_POINT('',(-2.12004851411229,3.88812517338605E-16,-1.53075794227797E-17));
#3344=CARTESIAN_POINT('',(-0.595,-2.97,-0.38));
#3345=CARTESIAN_POINT('',(0.595,-2.97,-0.38));
#3346=AXIS2_PLACEMENT_3D('',#4186,#4187,#4188);
#3347=CARTESIAN_POINT('',(-0.595,-2.97,0.38));
#3348=CARTESIAN_POINT('',(-0.595,-2.97,-1.0));
#3349=VECTOR('',#4189,1.0);
#3350=CARTESIAN_POINT('',(0.595,-2.97,0.38));
#3351=AXIS2_PLACEMENT_3D('',#4190,#4191,#4192);
#3352=CARTESIAN_POINT('',(0.595,-2.97,-1.0));
#3353=VECTOR('',#4193,1.0);
#3354=CARTESIAN_POINT('',(0.595,-1.57,-0.38));
#3355=CARTESIAN_POINT('',(0.595,-1.615,-0.38));
#3356=VECTOR('',#4194,1.0);
#3357=CARTESIAN_POINT('',(0.595,-1.57,0.38));
#3358=CARTESIAN_POINT('',(0.595,-1.615,0.38));
#3359=VECTOR('',#4195,1.0);
#3360=CARTESIAN_POINT('',(0.595,-1.57,-1.0));
#3361=VECTOR('',#4196,1.0);
#3362=CARTESIAN_POINT('',(-0.595,-1.57,-0.38));
#3363=AXIS2_PLACEMENT_3D('',#4197,#4198,#4199);
#3364=CARTESIAN_POINT('',(-0.595,-1.57,0.38));
#3365=AXIS2_PLACEMENT_3D('',#4200,#4201,#4202);
#3366=CARTESIAN_POINT('',(-0.595,-1.57,-1.0));
#3367=VECTOR('',#4203,1.0);
#3368=CARTESIAN_POINT('',(-0.595,-1.615,-0.38));
#3369=VECTOR('',#4204,1.0);
#3370=CARTESIAN_POINT('',(-0.595,-1.615,0.38));
#3371=VECTOR('',#4205,1.0);
#3372=CARTESIAN_POINT('',(1.015,-3.96,-0.38));
#3373=CARTESIAN_POINT('',(1.015,2.04,-0.38));
#3374=VECTOR('',#4206,1.0);
#3375=CARTESIAN_POINT('',(-1.015,-3.96,-0.38));
#3376=CARTESIAN_POINT('',(-1.015,-3.96,-0.38));
#3377=VECTOR('',#4207,1.0);
#3378=CARTESIAN_POINT('',(-1.015,-3.96,-0.38));
#3379=VECTOR('',#4208,1.0);
#3380=CARTESIAN_POINT('',(1.015,-3.96,0.38));
#3381=CARTESIAN_POINT('',(1.015,2.04,0.38));
#3382=VECTOR('',#4209,1.0);
#3383=CARTESIAN_POINT('',(1.015,-3.96,-0.38));
#3384=VECTOR('',#4210,1.0);
#3385=CARTESIAN_POINT('',(-1.015,-3.96,0.38));
#3386=CARTESIAN_POINT('',(-1.015,-3.96,0.38));
#3387=VECTOR('',#4211,1.0);
#3388=CARTESIAN_POINT('',(-1.015,-3.96,0.38));
#3389=VECTOR('',#4212,1.0);
#3390=CARTESIAN_POINT('',(-1.015,-3.96,-0.38));
#3391=VECTOR('',#4213,1.0);
#3392=CARTESIAN_POINT('',(0.0,26.6186917893485,2.08188469282194));
#3393=AXIS2_PLACEMENT_3D('',#4214,#4215,#4216);
#3394=AXIS2_PLACEMENT_3D('',#4217,#4218,#4219);
#3395=CARTESIAN_POINT('',(-1.78792527658067E-16,17.28,1.49434400631069));
#3396=AXIS2_PLACEMENT_3D('',#4220,#4221,#4222);
#3397=AXIS2_PLACEMENT_3D('',#4223,#4224,#4225);
#3398=CARTESIAN_POINT('',(0.51,17.43630625,3.13377168919499));
#3399=AXIS2_PLACEMENT_3D('',#4226,#4227,#4228);
#3400=CARTESIAN_POINT('',(0.51,8.9,3.13377168919499));
#3401=CARTESIAN_POINT('',(0.51,13.168153125,3.13377168919499));
#3402=VECTOR('',#4229,1.0);
#3403=CARTESIAN_POINT('',(-0.51,8.9,3.13377168919499));
#3404=AXIS2_PLACEMENT_3D('',#4230,#4231,#4232);
#3405=CARTESIAN_POINT('',(-0.51,13.168153125,3.13377168919499));
#3406=VECTOR('',#4233,1.0);
#3407=AXIS2_PLACEMENT_3D('',#4234,#4235,#4236);
#3408=CARTESIAN_POINT('',(-0.51,17.78,2.47));
#3409=CARTESIAN_POINT('',(0.51,17.78,2.47));
#3410=CARTESIAN_POINT('',(1.3140765625,17.78,2.47));
#3411=VECTOR('',#4237,1.0);
#3412=CARTESIAN_POINT('',(-0.51,8.9,2.47));
#3413=CARTESIAN_POINT('',(-0.51,16.4,2.47));
#3414=VECTOR('',#4238,1.0);
#3415=CARTESIAN_POINT('',(0.51,8.9,2.47));
#3416=CARTESIAN_POINT('',(0.0,8.9,2.47));
#3417=VECTOR('',#4239,1.0);
#3418=CARTESIAN_POINT('',(0.51,16.4,2.47));
#3419=VECTOR('',#4240,1.0);
#3420=CARTESIAN_POINT('',(0.51,17.78,2.7849946285925));
#3421=CARTESIAN_POINT('',(0.51,17.78,1.485));
#3422=VECTOR('',#4241,1.0);
#3423=CARTESIAN_POINT('',(0.51,8.9,2.97));
#3424=VECTOR('',#4242,1.0);
#3426=CARTESIAN_POINT('',(0.51,17.78,2.7849946285925));
#3427=CARTESIAN_POINT('',(0.51,17.6182796014835,2.94940427246445));
#3428=CARTESIAN_POINT('',(0.51,17.43630625,3.13377168919499));
#3435=CARTESIAN_POINT('',(-0.51,8.9,2.97));
#3436=VECTOR('',#4243,1.0);
#3437=CARTESIAN_POINT('',(-0.51,17.78,1.485));
#3438=VECTOR('',#4244,1.0);
#3439=AXIS2_PLACEMENT_3D('',#4245,#4246,#4247);
#3440=AXIS2_PLACEMENT_3D('',#4248,#4249,#4250);
#3441=AXIS2_PLACEMENT_3D('',#4251,#4252,#4253);
#3442=CARTESIAN_POINT('',(-3.425,8.79,4.5));
#3443=CARTESIAN_POINT('',(-3.425,8.74,4.5));
#3444=CARTESIAN_POINT('',(-3.425,6.8425,4.5));
#3445=VECTOR('',#4254,1.0);
#3446=CARTESIAN_POINT('',(-3.425,8.79,5.845));
#3447=CARTESIAN_POINT('',(-3.425,8.79,-1.01675934214591E-15));
#3448=VECTOR('',#4255,1.0);
#3449=CARTESIAN_POINT('',(-3.425,8.89,5.845));
#3450=CARTESIAN_POINT('',(-3.425,8.74,5.845));
#3451=VECTOR('',#4256,1.0);
#3452=CARTESIAN_POINT('',(-3.425,8.89,-5.845));
#3453=CARTESIAN_POINT('',(-3.425,8.89,-5.845));
#3454=VECTOR('',#4257,1.0);
#3455=CARTESIAN_POINT('',(-3.425,8.79,-5.845));
#3456=CARTESIAN_POINT('',(-3.425,8.74,-5.845));
#3457=VECTOR('',#4258,1.0);
#3458=CARTESIAN_POINT('',(-3.425,8.79,-4.5));
#3459=CARTESIAN_POINT('',(-3.425,8.79,-1.01675934214591E-15));
#3460=VECTOR('',#4259,1.0);
#3461=CARTESIAN_POINT('',(-3.425,8.74,-4.5));
#3462=CARTESIAN_POINT('',(-3.425,6.8425,-4.5));
#3463=VECTOR('',#4260,1.0);
#3464=CARTESIAN_POINT('',(-3.425,8.74,-4.4));
#3465=CARTESIAN_POINT('',(-3.425,8.74,-5.845));
#3466=VECTOR('',#4261,1.0);
#3467=CARTESIAN_POINT('',(-3.425,8.79,-4.4));
#3468=CARTESIAN_POINT('',(-3.425,6.655,-4.4));
#3469=VECTOR('',#4262,1.0);
#3470=CARTESIAN_POINT('',(-3.425,8.79,4.4));
#3471=CARTESIAN_POINT('',(-3.425,8.79,-6.50433029586792E-16));
#3472=VECTOR('',#4263,1.0);
#3473=CARTESIAN_POINT('',(-3.425,8.74,4.4));
#3474=CARTESIAN_POINT('',(-3.425,6.655,4.4));
#3475=VECTOR('',#4264,1.0);
#3476=CARTESIAN_POINT('',(-3.425,8.74,-5.845));
#3477=VECTOR('',#4265,1.0);
#3478=CARTESIAN_POINT('',(-2.925,8.79,6.345));
#3479=AXIS2_PLACEMENT_3D('',#4266,#4267,#4268);
#3480=CARTESIAN_POINT('',(-2.925,8.89,6.345));
#3481=CARTESIAN_POINT('',(-2.925,8.74,6.345));
#3482=VECTOR('',#4269,1.0);
#3483=AXIS2_PLACEMENT_3D('',#4270,#4271,#4272);
#3484=CARTESIAN_POINT('',(2.925,8.79,6.345));
#3485=CARTESIAN_POINT('',(-1.52655665885959E-16,8.79,6.345));
#3486=VECTOR('',#4273,1.0);
#3487=CARTESIAN_POINT('',(2.925,8.89,6.345));
#3488=CARTESIAN_POINT('',(2.925,8.74,6.345));
#3489=VECTOR('',#4274,1.0);
#3490=CARTESIAN_POINT('',(-2.925,8.89,6.345));
#3491=VECTOR('',#4275,1.0);
#3492=CARTESIAN_POINT('',(3.425,8.79,5.845));
#3493=AXIS2_PLACEMENT_3D('',#4276,#4277,#4278);
#3494=CARTESIAN_POINT('',(3.425,8.89,5.845));
#3495=CARTESIAN_POINT('',(3.425,8.74,5.845));
#3496=VECTOR('',#4279,1.0);
#3497=AXIS2_PLACEMENT_3D('',#4280,#4281,#4282);
#3498=CARTESIAN_POINT('',(3.425,8.79,4.5));
#3499=CARTESIAN_POINT('',(3.425,8.79,-3.12446771519721E-16));
#3500=VECTOR('',#4283,1.0);
#3501=CARTESIAN_POINT('',(3.425,8.74,4.5));
#3502=CARTESIAN_POINT('',(3.425,6.8425,4.5));
#3503=VECTOR('',#4284,1.0);
#3504=CARTESIAN_POINT('',(3.425,8.74,4.4));
#3505=CARTESIAN_POINT('',(3.425,8.74,5.845));
#3506=VECTOR('',#4285,1.0);
#3507=CARTESIAN_POINT('',(3.425,8.79,4.4));
#3508=CARTESIAN_POINT('',(3.425,6.655,4.4));
#3509=VECTOR('',#4286,1.0);
#3510=CARTESIAN_POINT('',(3.425,8.79,-4.4));
#3511=CARTESIAN_POINT('',(3.425,8.79,5.50837770985965E-18));
#3512=VECTOR('',#4287,1.0);
#3513=CARTESIAN_POINT('',(3.425,8.74,-4.4));
#3514=CARTESIAN_POINT('',(3.425,6.655,-4.4));
#3515=VECTOR('',#4288,1.0);
#3516=CARTESIAN_POINT('',(3.425,8.74,-4.5));
#3517=CARTESIAN_POINT('',(3.425,8.74,5.845));
#3518=VECTOR('',#4289,1.0);
#3519=CARTESIAN_POINT('',(3.425,8.79,-4.5));
#3520=CARTESIAN_POINT('',(3.425,6.8425,-4.5));
#3521=VECTOR('',#4290,1.0);
#3522=CARTESIAN_POINT('',(3.425,8.79,-5.845));
#3523=CARTESIAN_POINT('',(3.425,8.79,-3.12446771519721E-16));
#3524=VECTOR('',#4291,1.0);
#3525=CARTESIAN_POINT('',(3.425,8.89,-5.845));
#3526=CARTESIAN_POINT('',(3.425,8.74,-5.845));
#3527=VECTOR('',#4292,1.0);
#3528=CARTESIAN_POINT('',(3.425,8.89,5.845));
#3529=VECTOR('',#4293,1.0);
#3530=CARTESIAN_POINT('',(3.03,8.74,4.5));
#3531=CARTESIAN_POINT('',(1.765,8.74,4.5));
#3532=VECTOR('',#4294,1.0);
#3533=CARTESIAN_POINT('',(3.03,8.74,-4.5));
#3534=CARTESIAN_POINT('',(3.03,8.74,-3.27904682031165E-16));
#3535=VECTOR('',#4295,1.0);
#3536=CARTESIAN_POINT('',(1.765,8.74,-4.5));
#3537=VECTOR('',#4296,1.0);
#3538=CARTESIAN_POINT('',(3.13,8.74,-4.4));
#3539=CARTESIAN_POINT('',(1.64,8.74,-4.4));
#3540=VECTOR('',#4297,1.0);
#3541=CARTESIAN_POINT('',(3.13,8.74,4.4));
#3542=CARTESIAN_POINT('',(3.13,8.74,-3.1642399746408E-16));
#3543=VECTOR('',#4298,1.0);
#3544=CARTESIAN_POINT('',(1.64,8.74,4.4));
#3545=VECTOR('',#4299,1.0);
#3546=CARTESIAN_POINT('',(-3.42,0.35,3.05));
#3547=CARTESIAN_POINT('',(-3.22,0.35,3.05));
#3548=CARTESIAN_POINT('',(-3.13301554125778,0.35,3.05));
#3549=VECTOR('',#4300,1.0);
#3550=CARTESIAN_POINT('',(-3.42,0.25,3.05));
#3551=CARTESIAN_POINT('',(-3.42,0.25,3.05));
#3552=VECTOR('',#4301,1.0);
#3553=CARTESIAN_POINT('',(-3.17,-1.53075794227797E-17,3.05));
#3554=AXIS2_PLACEMENT_3D('',#4302,#4303,#4304);
#3555=CARTESIAN_POINT('',(-2.22,-7.34763812293426E-17,3.05));
#3556=CARTESIAN_POINT('',(-3.17,-1.53075794227797E-17,3.05));
#3557=VECTOR('',#4305,1.0);
#3558=CARTESIAN_POINT('',(-2.22,0.2,3.05));
#3559=CARTESIAN_POINT('',(-2.22,-7.34763812293426E-17,3.05));
#3560=VECTOR('',#4306,1.0);
#3561=CARTESIAN_POINT('',(-3.07,0.2,3.05));
#3562=CARTESIAN_POINT('',(-2.22,0.2,3.05));
#3563=VECTOR('',#4307,1.0);
#3564=AXIS2_PLACEMENT_3D('',#4308,#4309,#4310);
#3565=CARTESIAN_POINT('',(-3.42,0.35,2.45));
#3566=CARTESIAN_POINT('',(-3.42,0.35,1.525));
#3567=VECTOR('',#4311,1.0);
#3568=CARTESIAN_POINT('',(-3.42,0.25,2.45));
#3569=CARTESIAN_POINT('',(-3.42,0.25,2.45));
#3570=VECTOR('',#4312,1.0);
#3571=CARTESIAN_POINT('',(-3.42,0.25,3.05));
#3572=VECTOR('',#4313,1.0);
#3573=CARTESIAN_POINT('',(-3.17,-1.53075794227797E-17,2.45));
#3574=AXIS2_PLACEMENT_3D('',#4314,#4315,#4316);
#3575=CARTESIAN_POINT('',(-3.17,-1.53075794227797E-17,3.05));
#3576=VECTOR('',#4317,1.0);
#3577=CARTESIAN_POINT('',(-2.22,-7.34763812293426E-17,2.45));
#3578=CARTESIAN_POINT('',(-3.17,-1.53075794227797E-17,2.45));
#3579=VECTOR('',#4318,1.0);
#3580=CARTESIAN_POINT('',(-2.22,-7.34763812293426E-17,3.05));
#3581=VECTOR('',#4319,1.0);
#3582=CARTESIAN_POINT('',(-2.22,0.2,2.45));
#3583=CARTESIAN_POINT('',(-2.22,-7.34763812293426E-17,2.45));
#3584=VECTOR('',#4320,1.0);
#3585=CARTESIAN_POINT('',(-2.22,0.2,3.05));
#3586=VECTOR('',#4321,1.0);
#3587=CARTESIAN_POINT('',(-3.07,0.2,2.45));
#3588=CARTESIAN_POINT('',(-2.22,0.2,2.45));
#3589=VECTOR('',#4322,1.0);
#3590=CARTESIAN_POINT('',(-3.07,0.2,3.05));
#3591=VECTOR('',#4323,1.0);
#3592=CARTESIAN_POINT('',(-3.22,0.35,2.45));
#3593=AXIS2_PLACEMENT_3D('',#4324,#4325,#4326);
#3594=CARTESIAN_POINT('',(-3.22,0.35,2.75));
#3595=VECTOR('',#4327,1.0);
#3596=CARTESIAN_POINT('',(-3.13301554125778,0.35,2.45));
#3597=VECTOR('',#4328,1.0);
#3598=CARTESIAN_POINT('',(3.42,0.35,-3.05));
#3599=CARTESIAN_POINT('',(3.22,0.35,-3.05));
#3600=CARTESIAN_POINT('',(3.13301554125778,0.35,-3.05));
#3601=VECTOR('',#4329,1.0);
#3602=CARTESIAN_POINT('',(3.42,0.25,-3.05));
#3603=CARTESIAN_POINT('',(3.42,0.25,-3.05));
#3604=VECTOR('',#4330,1.0);
#3605=CARTESIAN_POINT('',(3.17,-1.53075794227797E-17,-3.05));
#3606=AXIS2_PLACEMENT_3D('',#4331,#4332,#4333);
#3607=CARTESIAN_POINT('',(2.22,-7.34763812293426E-17,-3.05));
#3608=CARTESIAN_POINT('',(3.17,-1.53075794227797E-17,-3.05));
#3609=VECTOR('',#4334,1.0);
#3610=CARTESIAN_POINT('',(2.22,0.2,-3.05));
#3611=CARTESIAN_POINT('',(2.22,-7.34763812293426E-17,-3.05));
#3612=VECTOR('',#4335,1.0);
#3613=CARTESIAN_POINT('',(3.07,0.2,-3.05));
#3614=CARTESIAN_POINT('',(2.22,0.2,-3.05));
#3615=VECTOR('',#4336,1.0);
#3616=AXIS2_PLACEMENT_3D('',#4337,#4338,#4339);
#3617=CARTESIAN_POINT('',(3.42,0.35,-2.45));
#3618=CARTESIAN_POINT('',(3.42,0.35,-1.525));
#3619=VECTOR('',#4340,1.0);
#3620=CARTESIAN_POINT('',(3.42,0.25,-2.45));
#3621=CARTESIAN_POINT('',(3.42,0.25,-2.45));
#3622=VECTOR('',#4341,1.0);
#3623=CARTESIAN_POINT('',(3.42,0.25,-3.05));
#3624=VECTOR('',#4342,1.0);
#3625=CARTESIAN_POINT('',(3.17,-1.53075794227797E-17,-2.45));
#3626=AXIS2_PLACEMENT_3D('',#4343,#4344,#4345);
#3627=CARTESIAN_POINT('',(3.17,-1.53075794227797E-17,-3.05));
#3628=VECTOR('',#4346,1.0);
#3629=CARTESIAN_POINT('',(2.22,-7.34763812293426E-17,-2.45));
#3630=CARTESIAN_POINT('',(3.17,-1.53075794227797E-17,-2.45));
#3631=VECTOR('',#4347,1.0);
#3632=CARTESIAN_POINT('',(2.22,-7.34763812293426E-17,-3.05));
#3633=VECTOR('',#4348,1.0);
#3634=CARTESIAN_POINT('',(2.22,0.2,-2.45));
#3635=CARTESIAN_POINT('',(2.22,-7.34763812293426E-17,-2.45));
#3636=VECTOR('',#4349,1.0);
#3637=CARTESIAN_POINT('',(2.22,0.2,-3.05));
#3638=VECTOR('',#4350,1.0);
#3639=CARTESIAN_POINT('',(3.07,0.2,-2.45));
#3640=CARTESIAN_POINT('',(2.22,0.2,-2.45));
#3641=VECTOR('',#4351,1.0);
#3642=CARTESIAN_POINT('',(3.07,0.2,-3.05));
#3643=VECTOR('',#4352,1.0);
#3644=CARTESIAN_POINT('',(3.22,0.35,-2.45));
#3645=AXIS2_PLACEMENT_3D('',#4353,#4354,#4355);
#3646=CARTESIAN_POINT('',(3.22,0.35,-2.75));
#3647=VECTOR('',#4356,1.0);
#3648=CARTESIAN_POINT('',(3.13301554125778,0.35,-2.45));
#3649=VECTOR('',#4357,1.0);
#3650=CARTESIAN_POINT('',(-3.42,0.35,-2.45));
#3651=CARTESIAN_POINT('',(-3.22,0.35,-2.45));
#3652=CARTESIAN_POINT('',(-3.13301554125778,0.35,-2.45));
#3653=VECTOR('',#4358,1.0);
#3654=CARTESIAN_POINT('',(-3.42,0.25,-2.45));
#3655=CARTESIAN_POINT('',(-3.42,0.25,-2.45));
#3656=VECTOR('',#4359,1.0);
#3657=CARTESIAN_POINT('',(-3.17,-1.53075794227797E-17,-2.45));
#3658=AXIS2_PLACEMENT_3D('',#4360,#4361,#4362);
#3659=CARTESIAN_POINT('',(-2.22,-7.34763812293426E-17,-2.45));
#3660=CARTESIAN_POINT('',(-3.17,-1.53075794227797E-17,-2.45));
#3661=VECTOR('',#4363,1.0);
#3662=CARTESIAN_POINT('',(-2.22,0.2,-2.45));
#3663=CARTESIAN_POINT('',(-2.22,-7.34763812293426E-17,-2.45));
#3664=VECTOR('',#4364,1.0);
#3665=CARTESIAN_POINT('',(-3.07,0.2,-2.45));
#3666=CARTESIAN_POINT('',(-2.22,0.2,-2.45));
#3667=VECTOR('',#4365,1.0);
#3668=AXIS2_PLACEMENT_3D('',#4366,#4367,#4368);
#3669=CARTESIAN_POINT('',(-3.42,0.35,-3.05));
#3670=CARTESIAN_POINT('',(-3.42,0.35,-1.225));
#3671=VECTOR('',#4369,1.0);
#3672=CARTESIAN_POINT('',(-3.42,0.25,-3.05));
#3673=CARTESIAN_POINT('',(-3.42,0.25,-3.05));
#3674=VECTOR('',#4370,1.0);
#3675=CARTESIAN_POINT('',(-3.42,0.25,-2.45));
#3676=VECTOR('',#4371,1.0);
#3677=CARTESIAN_POINT('',(-3.17,-1.53075794227797E-17,-3.05));
#3678=AXIS2_PLACEMENT_3D('',#4372,#4373,#4374);
#3679=CARTESIAN_POINT('',(-3.17,-1.53075794227797E-17,-2.45));
#3680=VECTOR('',#4375,1.0);
#3681=CARTESIAN_POINT('',(-2.22,-7.34763812293426E-17,-3.05));
#3682=CARTESIAN_POINT('',(-3.17,-1.53075794227797E-17,-3.05));
#3683=VECTOR('',#4376,1.0);
#3684=CARTESIAN_POINT('',(-2.22,-7.34763812293426E-17,-2.45));
#3685=VECTOR('',#4377,1.0);
#3686=CARTESIAN_POINT('',(-2.22,0.2,-3.05));
#3687=CARTESIAN_POINT('',(-2.22,-7.34763812293426E-17,-3.05));
#3688=VECTOR('',#4378,1.0);
#3689=CARTESIAN_POINT('',(-2.22,0.2,-2.45));
#3690=VECTOR('',#4379,1.0);
#3691=CARTESIAN_POINT('',(-3.07,0.2,-3.05));
#3692=CARTESIAN_POINT('',(-2.22,0.2,-3.05));
#3693=VECTOR('',#4380,1.0);
#3694=CARTESIAN_POINT('',(-3.07,0.2,-2.45));
#3695=VECTOR('',#4381,1.0);
#3696=CARTESIAN_POINT('',(-3.22,0.35,-3.05));
#3697=AXIS2_PLACEMENT_3D('',#4382,#4383,#4384);
#3698=CARTESIAN_POINT('',(-3.22,0.35,-2.75));
#3699=VECTOR('',#4385,1.0);
#3700=CARTESIAN_POINT('',(-3.13301554125778,0.35,-3.05));
#3701=VECTOR('',#4386,1.0);
#3702=CARTESIAN_POINT('',(3.42,0.35,2.45));
#3703=CARTESIAN_POINT('',(3.22,0.35,2.45));
#3704=CARTESIAN_POINT('',(3.13301554125778,0.35,2.45));
#3705=VECTOR('',#4387,1.0);
#3706=CARTESIAN_POINT('',(3.42,0.25,2.45));
#3707=CARTESIAN_POINT('',(3.42,0.25,2.45));
#3708=VECTOR('',#4388,1.0);
#3709=CARTESIAN_POINT('',(3.17,-1.53075794227797E-17,2.45));
#3710=AXIS2_PLACEMENT_3D('',#4389,#4390,#4391);
#3711=CARTESIAN_POINT('',(2.22,-7.34763812293426E-17,2.45));
#3712=CARTESIAN_POINT('',(3.17,-1.53075794227797E-17,2.45));
#3713=VECTOR('',#4392,1.0);
#3714=CARTESIAN_POINT('',(2.22,0.2,2.45));
#3715=CARTESIAN_POINT('',(2.22,-7.34763812293426E-17,2.45));
#3716=VECTOR('',#4393,1.0);
#3717=CARTESIAN_POINT('',(3.07,0.2,2.45));
#3718=CARTESIAN_POINT('',(2.22,0.2,2.45));
#3719=VECTOR('',#4394,1.0);
#3720=AXIS2_PLACEMENT_3D('',#4395,#4396,#4397);
#3721=CARTESIAN_POINT('',(3.42,0.35,3.05));
#3722=CARTESIAN_POINT('',(3.42,0.35,1.225));
#3723=VECTOR('',#4398,1.0);
#3724=CARTESIAN_POINT('',(3.42,0.25,3.05));
#3725=CARTESIAN_POINT('',(3.42,0.25,3.05));
#3726=VECTOR('',#4399,1.0);
#3727=CARTESIAN_POINT('',(3.42,0.25,2.45));
#3728=VECTOR('',#4400,1.0);
#3729=CARTESIAN_POINT('',(3.17,-1.53075794227797E-17,3.05));
#3730=AXIS2_PLACEMENT_3D('',#4401,#4402,#4403);
#3731=CARTESIAN_POINT('',(3.17,-1.53075794227797E-17,2.45));
#3732=VECTOR('',#4404,1.0);
#3733=CARTESIAN_POINT('',(2.22,-7.34763812293426E-17,3.05));
#3734=CARTESIAN_POINT('',(3.17,-1.53075794227797E-17,3.05));
#3735=VECTOR('',#4405,1.0);
#3736=CARTESIAN_POINT('',(2.22,-7.34763812293426E-17,2.45));
#3737=VECTOR('',#4406,1.0);
#3738=CARTESIAN_POINT('',(2.22,0.2,3.05));
#3739=CARTESIAN_POINT('',(2.22,-7.34763812293426E-17,3.05));
#3740=VECTOR('',#4407,1.0);
#3741=CARTESIAN_POINT('',(2.22,0.2,2.45));
#3742=VECTOR('',#4408,1.0);
#3743=CARTESIAN_POINT('',(3.07,0.2,3.05));
#3744=CARTESIAN_POINT('',(2.22,0.2,3.05));
#3745=VECTOR('',#4409,1.0);
#3746=CARTESIAN_POINT('',(3.07,0.2,2.45));
#3747=VECTOR('',#4410,1.0);
#3748=CARTESIAN_POINT('',(3.22,0.35,3.05));
#3749=AXIS2_PLACEMENT_3D('',#4411,#4412,#4413);
#3750=CARTESIAN_POINT('',(3.22,0.35,2.75));
#3751=VECTOR('',#4414,1.0);
#3752=CARTESIAN_POINT('',(3.13301554125778,0.35,3.05));
#3753=VECTOR('',#4415,1.0);
#3754=CARTESIAN_POINT('',(-3.13,8.74,4.4));
#3755=CARTESIAN_POINT('',(-3.13,8.74,-4.4));
#3756=CARTESIAN_POINT('',(-3.13,8.74,-6.99725786210484E-16));
#3757=VECTOR('',#4416,1.0);
#3758=CARTESIAN_POINT('',(-3.13,0.35,4.4));
#3759=CARTESIAN_POINT('',(-3.13,4.57,4.4));
#3760=VECTOR('',#4417,1.0);
#3761=CARTESIAN_POINT('',(-3.13,0.35,-4.4));
#3762=CARTESIAN_POINT('',(-3.13,0.35,-3.83301788746404E-16));
#3763=VECTOR('',#4418,1.0);
#3764=CARTESIAN_POINT('',(-3.13,4.57,-4.4));
#3765=VECTOR('',#4419,1.0);
#3766=CARTESIAN_POINT('',(-1.64,8.74,4.4));
#3767=VECTOR('',#4420,1.0);
#3768=CARTESIAN_POINT('',(-3.43,8.79,4.4));
#3769=CARTESIAN_POINT('',(-3.28,8.79,4.4));
#3770=VECTOR('',#4421,1.0);
#3771=CARTESIAN_POINT('',(-3.43,0.35,4.4));
#3772=CARTESIAN_POINT('',(-3.43,4.57,4.4));
#3773=VECTOR('',#4422,1.0);
#3774=CARTESIAN_POINT('',(-3.28,0.35,4.4));
#3775=VECTOR('',#4423,1.0);
#3776=CARTESIAN_POINT('',(-1.64,8.74,-4.4));
#3777=VECTOR('',#4424,1.0);
#3778=CARTESIAN_POINT('',(-3.43,0.35,-4.4));
#3779=CARTESIAN_POINT('',(-3.28,0.35,-4.4));
#3780=VECTOR('',#4425,1.0);
#3781=CARTESIAN_POINT('',(-3.43,8.79,-4.4));
#3782=CARTESIAN_POINT('',(-3.43,4.57,-4.4));
#3783=VECTOR('',#4426,1.0);
#3784=CARTESIAN_POINT('',(-3.28,8.79,-4.4));
#3785=VECTOR('',#4427,1.0);
#3786=CARTESIAN_POINT('',(-3.43,0.35,-4.20039979361075E-16));
#3787=VECTOR('',#4428,1.0);
#3788=CARTESIAN_POINT('',(-3.43,8.79,-4.20039979361075E-16));
#3789=VECTOR('',#4429,1.0);
#3790=CARTESIAN_POINT('',(3.13,0.35,-4.4));
#3791=CARTESIAN_POINT('',(3.13,4.57,-4.4));
#3792=VECTOR('',#4430,1.0);
#3793=CARTESIAN_POINT('',(3.13,0.35,4.4));
#3794=CARTESIAN_POINT('',(3.13,0.35,0.0));
#3795=VECTOR('',#4431,1.0);
#3796=CARTESIAN_POINT('',(3.13,4.57,4.4));
#3797=VECTOR('',#4432,1.0);
#3798=CARTESIAN_POINT('',(3.43,8.79,-4.4));
#3799=CARTESIAN_POINT('',(3.28,8.79,-4.4));
#3800=VECTOR('',#4433,1.0);
#3801=CARTESIAN_POINT('',(3.43,0.35,-4.4));
#3802=CARTESIAN_POINT('',(3.43,4.57,-4.4));
#3803=VECTOR('',#4434,1.0);
#3804=CARTESIAN_POINT('',(3.28,0.35,-4.4));
#3805=VECTOR('',#4435,1.0);
#3806=CARTESIAN_POINT('',(3.43,0.35,4.4));
#3807=CARTESIAN_POINT('',(3.28,0.35,4.4));
#3808=VECTOR('',#4436,1.0);
#3809=CARTESIAN_POINT('',(3.43,8.79,4.4));
#3810=CARTESIAN_POINT('',(3.43,4.57,4.4));
#3811=VECTOR('',#4437,1.0);
#3812=CARTESIAN_POINT('',(3.28,8.79,4.4));
#3813=VECTOR('',#4438,1.0);
#3814=CARTESIAN_POINT('',(3.43,0.35,0.0));
#3815=VECTOR('',#4439,1.0);
#3816=CARTESIAN_POINT('',(3.43,8.79,0.0));
#3817=VECTOR('',#4440,1.0);
#3818=CARTESIAN_POINT('',(-2.925,8.79,-6.345));
#3819=AXIS2_PLACEMENT_3D('',#4441,#4442,#4443);
#3820=CARTESIAN_POINT('',(-2.925,8.89,-6.345));
#3821=AXIS2_PLACEMENT_3D('',#4444,#4445,#4446);
#3822=CARTESIAN_POINT('',(-2.925,8.74,-6.345));
#3823=VECTOR('',#4447,1.0);
#3824=CARTESIAN_POINT('',(2.925,8.79,-6.345));
#3825=CARTESIAN_POINT('',(6.93889390390723E-17,8.79,-6.345));
#3826=VECTOR('',#4448,1.0);
#3827=CARTESIAN_POINT('',(2.925,8.89,-6.345));
#3828=CARTESIAN_POINT('',(2.925,8.89,-6.345));
#3829=VECTOR('',#4449,1.0);
#3830=CARTESIAN_POINT('',(2.925,8.74,-6.345));
#3831=VECTOR('',#4450,1.0);
#3832=AXIS2_PLACEMENT_3D('',#4451,#4452,#4453);
#3833=AXIS2_PLACEMENT_3D('',#4454,#4455,#4456);
#3834=CARTESIAN_POINT('',(-3.03,8.74,4.5));
#3835=CARTESIAN_POINT('',(-1.765,8.74,4.5));
#3836=VECTOR('',#4457,1.0);
#3837=CARTESIAN_POINT('',(-3.03,8.74,-4.5));
#3838=CARTESIAN_POINT('',(-1.765,8.74,-4.5));
#3839=VECTOR('',#4458,1.0);
#3840=CARTESIAN_POINT('',(-3.03,8.74,-6.98960407239345E-16));
#3841=VECTOR('',#4459,1.0);
#3842=CARTESIAN_POINT('',(-3.03,0.0,-4.5));
#3843=CARTESIAN_POINT('',(-3.03,4.945,-4.5));
#3844=VECTOR('',#4460,1.0);
#3845=CARTESIAN_POINT('',(-3.03,6.78712685419734E-16,-3.83181868748825));
#3846=CARTESIAN_POINT('',(-3.03,4.44089209850063E-16,-1.4106261053996E-15));
#3847=VECTOR('',#4461,1.0);
#3848=CARTESIAN_POINT('',(-3.03,0.22,-3.83181868748825));
#3849=CARTESIAN_POINT('',(-3.03,2.5825,-3.83181868748825));
#3850=VECTOR('',#4462,1.0);
#3851=CARTESIAN_POINT('',(-3.03,0.22,-1.6711153759968));
#3852=CARTESIAN_POINT('',(-3.03,0.22,1.89986705149746E-06));
#3853=VECTOR('',#4463,1.0);
#3854=CARTESIAN_POINT('',(-3.03,5.4641213522086E-16,-1.6711153759968));
#3855=CARTESIAN_POINT('',(-3.03,2.5825,-1.6711153759968));
#3856=VECTOR('',#4464,1.0);
#3857=CARTESIAN_POINT('',(-3.03,3.41811366838727E-16,1.67037910087751));
#3858=CARTESIAN_POINT('',(-3.03,4.44089209850063E-16,-1.4106261053996E-15));
#3859=VECTOR('',#4465,1.0);
#3860=CARTESIAN_POINT('',(-3.03,0.22,1.67037910087751));
#3861=CARTESIAN_POINT('',(-3.03,2.5825,1.67037910087751));
#3862=VECTOR('',#4466,1.0);
#3863=CARTESIAN_POINT('',(-3.03,0.22,3.83265697468328));
#3864=CARTESIAN_POINT('',(-3.03,0.22,1.89986705149746E-06));
#3865=VECTOR('',#4467,1.0);
#3866=CARTESIAN_POINT('',(-3.03,2.09414405689123E-16,3.83265697468328));
#3867=CARTESIAN_POINT('',(-3.03,2.5825,3.83265697468328));
#3868=VECTOR('',#4468,1.0);
#3869=CARTESIAN_POINT('',(-3.03,0.0,4.5));
#3870=CARTESIAN_POINT('',(-3.03,4.44089209850063E-16,-1.4106261053996E-15));
#3871=VECTOR('',#4469,1.0);
#3872=CARTESIAN_POINT('',(-3.03,4.945,4.5));
#3873=VECTOR('',#4470,1.0);
#3874=CARTESIAN_POINT('',(-3.43,8.79,-4.5));
#3875=CARTESIAN_POINT('',(-1.765,8.79,-4.5));
#3876=VECTOR('',#4471,1.0);
#3877=CARTESIAN_POINT('',(-3.43,0.0,-4.5));
#3878=CARTESIAN_POINT('',(-3.43,2.4725,-4.5));
#3879=VECTOR('',#4472,1.0);
#3880=CARTESIAN_POINT('',(-1.765,0.0,-4.5));
#3881=VECTOR('',#4473,1.0);
#3882=CARTESIAN_POINT('',(3.43,8.79,-4.5));
#3883=CARTESIAN_POINT('',(1.765,8.79,-4.5));
#3884=VECTOR('',#4474,1.0);
#3885=CARTESIAN_POINT('',(3.43,8.79,-5.85));
#3886=CARTESIAN_POINT('',(3.43,8.79,5.85));
#3887=VECTOR('',#4475,1.0);
#3888=CARTESIAN_POINT('',(2.93,8.79,-6.35));
#3889=AXIS2_PLACEMENT_3D('',#4476,#4477,#4478);
#3890=CARTESIAN_POINT('',(-2.93,8.79,-6.35));
#3891=CARTESIAN_POINT('',(2.93,8.79,-6.35));
#3892=VECTOR('',#4479,1.0);
#3893=CARTESIAN_POINT('',(-3.43,8.79,-5.85));
#3894=AXIS2_PLACEMENT_3D('',#4480,#4481,#4482);
#3895=CARTESIAN_POINT('',(-3.43,8.79,-5.85));
#3896=VECTOR('',#4483,1.0);
#3897=CARTESIAN_POINT('',(3.03,0.0,-4.5));
#3898=CARTESIAN_POINT('',(3.03,4.945,-4.5));
#3899=VECTOR('',#4484,1.0);
#3900=CARTESIAN_POINT('',(3.43,0.0,-4.5));
#3901=CARTESIAN_POINT('',(1.765,0.0,-4.5));
#3902=VECTOR('',#4485,1.0);
#3903=CARTESIAN_POINT('',(3.43,2.4725,-4.5));
#3904=VECTOR('',#4486,1.0);
#3905=CARTESIAN_POINT('',(-1.95695709614023,0.22,3.28427293834876));
#3906=CARTESIAN_POINT('',(-4.43,0.22,4.54813409876354));
#3907=VECTOR('',#4487,1.0);
#3908=CARTESIAN_POINT('',(-1.95695709614023,1.94289029309402E-16,3.28427293834876));
#3909=CARTESIAN_POINT('',(-1.95695709614023,0.22,3.28427293834876));
#3910=VECTOR('',#4488,1.0);
#3911=CARTESIAN_POINT('',(-1.13394486099437,1.94289029309402E-16,2.86366834757375));
#3912=VECTOR('',#4489,1.0);
#3913=CARTESIAN_POINT('',(-1.9926932473573,0.22,-3.30107667810403));
#3914=CARTESIAN_POINT('',(-4.43,0.22,-4.54813409876354));
#3915=VECTOR('',#4490,1.0);
#3916=CARTESIAN_POINT('',(-1.9926932473573,0.22,-2.19892332189597));
#3917=AXIS2_PLACEMENT_3D('',#4491,#4492,#4493);
#3918=CARTESIAN_POINT('',(-4.25461881473166,0.22,-1.0479983091636));
#3919=VECTOR('',#4494,1.0);
#3920=CARTESIAN_POINT('',(-1.95815845369591,0.22,2.21511480324933));
#3921=CARTESIAN_POINT('',(-4.25461881473166,0.22,1.0479983091636));
#3922=VECTOR('',#4495,1.0);
#3923=AXIS2_PLACEMENT_3D('',#4496,#4497,#4498);
#3924=CARTESIAN_POINT('',(-1.9926932473573,5.27355936696949E-16,-2.19892332189597));
#3925=CARTESIAN_POINT('',(-1.9926932473573,0.22,-2.19892332189597));
#3926=VECTOR('',#4499,1.0);
#3927=CARTESIAN_POINT('',(-2.21111643625638,5.27355936696949E-16,-2.08778407174083));
#3928=VECTOR('',#4500,1.0);
#3929=CARTESIAN_POINT('',(-1.95815845369591,2.4980018054066E-16,2.21511480324933));
#3930=AXIS2_PLACEMENT_3D('',#4501,#4502,#4503);
#3931=CARTESIAN_POINT('',(-1.95815845369591,0.22,2.21511480324933));
#3932=VECTOR('',#4504,1.0);
#3933=CARTESIAN_POINT('',(-2.20151410622838,2.63677968348475E-16,2.09143559640618));
#3934=VECTOR('',#4505,1.0);
#3935=CARTESIAN_POINT('',(-1.9926932473573,5.82867087928207E-16,-3.30107667810403));
#3936=AXIS2_PLACEMENT_3D('',#4506,#4507,#4508);
#3937=CARTESIAN_POINT('',(-1.9926932473573,0.22,-3.30107667810403));
#3938=VECTOR('',#4509,1.0);
#3939=CARTESIAN_POINT('',(-1.14309934285448,5.68989300120393E-16,-2.86637867301766));
#3940=VECTOR('',#4510,1.0);
#3941=CARTESIAN_POINT('',(1.95695709614023,5.82867087928207E-16,-3.28427293834876));
#3942=CARTESIAN_POINT('',(1.95815845369591,5.27355936696949E-16,-2.21511480324933));
#3943=AXIS2_PLACEMENT_3D('',#4511,#4512,#4513);
#3944=CARTESIAN_POINT('',(1.95695709614023,0.22,-3.28427293834876));
#3945=CARTESIAN_POINT('',(1.95695709614023,0.22,-3.28427293834876));
#3946=VECTOR('',#4514,1.0);
#3947=CARTESIAN_POINT('',(1.95815845369591,0.22,-2.21511480324933));
#3948=AXIS2_PLACEMENT_3D('',#4515,#4516,#4517);
#3949=CARTESIAN_POINT('',(1.95815845369591,0.22,-2.21511480324933));
#3950=VECTOR('',#4518,1.0);
#3951=CARTESIAN_POINT('',(3.03,5.46367052861398E-16,-1.67037910087751));
#3952=CARTESIAN_POINT('',(2.20151410622837,5.27355936696949E-16,-2.09143559640618));
#3953=VECTOR('',#4519,1.0);
#3954=CARTESIAN_POINT('',(3.03,0.22,-1.67037910087751));
#3955=CARTESIAN_POINT('',(4.25461881473166,0.22,-1.0479983091636));
#3956=VECTOR('',#4520,1.0);
#3957=CARTESIAN_POINT('',(3.03,2.5825,-1.67037910087751));
#3958=VECTOR('',#4521,1.0);
#3959=CARTESIAN_POINT('',(1.9926932473573,2.4980018054066E-16,2.19892332189597));
#3960=CARTESIAN_POINT('',(1.9926932473573,1.94289029309402E-16,3.30107667810403));
#3961=AXIS2_PLACEMENT_3D('',#4522,#4523,#4524);
#3962=CARTESIAN_POINT('',(1.9926932473573,0.22,2.19892332189597));
#3963=CARTESIAN_POINT('',(1.9926932473573,0.22,2.19892332189597));
#3964=VECTOR('',#4525,1.0);
#3965=CARTESIAN_POINT('',(1.9926932473573,0.22,3.30107667810403));
#3966=AXIS2_PLACEMENT_3D('',#4526,#4527,#4528);
#3967=CARTESIAN_POINT('',(1.9926932473573,0.22,3.30107667810403));
#3968=VECTOR('',#4529,1.0);
#3969=CARTESIAN_POINT('',(3.03,0.22,3.83181868748825));
#3970=CARTESIAN_POINT('',(3.03,0.22,1.6711153759968));
#3971=CARTESIAN_POINT('',(3.03,0.22,-1.89986705186851E-06));
#3972=VECTOR('',#4530,1.0);
#3973=CARTESIAN_POINT('',(4.43,0.22,4.54813409876354));
#3974=VECTOR('',#4531,1.0);
#3975=CARTESIAN_POINT('',(4.25461881473166,0.22,1.0479983091636));
#3976=VECTOR('',#4532,1.0);
#3977=CARTESIAN_POINT('',(3.03,2.09465734280391E-16,3.83181868748825));
#3978=CARTESIAN_POINT('',(1.14309934285448,2.22044604925031E-16,2.86637867301766));
#3979=VECTOR('',#4533,1.0);
#3980=CARTESIAN_POINT('',(3.03,2.5825,3.83181868748825));
#3981=VECTOR('',#4534,1.0);
#3982=CARTESIAN_POINT('',(3.03,6.78764014011002E-16,-3.83265697468328));
#3983=CARTESIAN_POINT('',(1.13394486099437,5.55111512312578E-16,-2.86366834757375));
#3984=VECTOR('',#4535,1.0);
#3985=CARTESIAN_POINT('',(3.03,0.22,-3.83265697468328));
#3986=CARTESIAN_POINT('',(3.03,2.5825,-3.83265697468328));
#3987=VECTOR('',#4536,1.0);
#3988=CARTESIAN_POINT('',(4.43,0.22,-4.54813409876354));
#3989=VECTOR('',#4537,1.0);
#3990=CARTESIAN_POINT('',(3.03,3.41766284479265E-16,1.6711153759968));
#3991=CARTESIAN_POINT('',(2.21111643625638,2.63677968348475E-16,2.08778407174083));
#3992=VECTOR('',#4538,1.0);
#3993=CARTESIAN_POINT('',(3.03,2.5825,1.6711153759968));
#3994=VECTOR('',#4539,1.0);
#3995=CARTESIAN_POINT('',(3.03,0.22,-1.89986705186851E-06));
#3996=VECTOR('',#4540,1.0);
#3997=CARTESIAN_POINT('',(-3.43,7.4700987583165E-16,-5.85));
#3998=CARTESIAN_POINT('',(-3.43,7.4700987583165E-16,-5.85));
#3999=VECTOR('',#4541,1.0);
#4000=CARTESIAN_POINT('',(-2.93,7.7762503467721E-16,-6.35));
#4001=AXIS2_PLACEMENT_3D('',#4542,#4543,#4544);
#4002=CARTESIAN_POINT('',(2.93,7.7762503467721E-16,-6.35));
#4003=CARTESIAN_POINT('',(2.93,7.7762503467721E-16,-6.35));
#4004=VECTOR('',#4545,1.0);
#4005=CARTESIAN_POINT('',(3.43,7.4700987583165E-16,-5.85));
#4006=AXIS2_PLACEMENT_3D('',#4546,#4547,#4548);
#4007=CARTESIAN_POINT('',(3.43,3.06151588455594E-17,5.85));
#4008=VECTOR('',#4549,1.0);
#4009=CARTESIAN_POINT('',(3.03,4.44089209850063E-16,-1.03957038019142E-15));
#4010=VECTOR('',#4550,1.0);
#4011=CARTESIAN_POINT('',(3.03,4.44089209850063E-16,-1.03957038019142E-15));
#4012=VECTOR('',#4551,1.0);
#4013=CARTESIAN_POINT('',(3.03,0.0,4.5));
#4014=CARTESIAN_POINT('',(3.03,4.44089209850063E-16,-1.03957038019142E-15));
#4015=VECTOR('',#4552,1.0);
#4016=CARTESIAN_POINT('',(3.43,0.0,4.5));
#4017=CARTESIAN_POINT('',(1.765,0.0,4.5));
#4018=VECTOR('',#4553,1.0);
#4019=CARTESIAN_POINT('',(3.43,3.06151588455594E-17,5.85));
#4020=CARTESIAN_POINT('',(3.43,3.06151588455594E-17,5.85));
#4021=VECTOR('',#4554,1.0);
#4022=CARTESIAN_POINT('',(2.93,3.88037211771478E-32,6.35));
#4023=AXIS2_PLACEMENT_3D('',#4555,#4556,#4557);
#4024=CARTESIAN_POINT('',(-2.93,3.88037211771478E-32,6.35));
#4025=CARTESIAN_POINT('',(-2.93,3.88037211771478E-32,6.35));
#4026=VECTOR('',#4558,1.0);
#4027=CARTESIAN_POINT('',(-3.43,3.06151588455594E-17,5.85));
#4028=AXIS2_PLACEMENT_3D('',#4559,#4560,#4561);
#4029=CARTESIAN_POINT('',(-3.43,0.0,4.5));
#4030=CARTESIAN_POINT('',(-3.43,7.4700987583165E-16,-5.85));
#4031=VECTOR('',#4562,1.0);
#4032=CARTESIAN_POINT('',(-1.765,0.0,4.5));
#4033=VECTOR('',#4563,1.0);
#4034=CARTESIAN_POINT('',(-3.43,8.79,4.5));
#4035=CARTESIAN_POINT('',(-3.43,2.4725,4.5));
#4036=VECTOR('',#4564,1.0);
#4037=CARTESIAN_POINT('',(-1.765,8.79,4.5));
#4038=VECTOR('',#4565,1.0);
#4039=CARTESIAN_POINT('',(-3.43,8.79,5.85));
#4040=CARTESIAN_POINT('',(-3.43,8.79,-5.85));
#4041=VECTOR('',#4566,1.0);
#4042=CARTESIAN_POINT('',(-2.93,8.79,6.35));
#4043=AXIS2_PLACEMENT_3D('',#4567,#4568,#4569);
#4044=CARTESIAN_POINT('',(2.93,8.79,6.35));
#4045=CARTESIAN_POINT('',(-2.93,8.79,6.35));
#4046=VECTOR('',#4570,1.0);
#4047=CARTESIAN_POINT('',(3.43,8.79,5.85));
#4048=AXIS2_PLACEMENT_3D('',#4571,#4572,#4573);
#4049=CARTESIAN_POINT('',(3.43,8.79,4.5));
#4050=CARTESIAN_POINT('',(3.43,8.79,5.85));
#4051=VECTOR('',#4574,1.0);
#4052=CARTESIAN_POINT('',(1.765,8.79,4.5));
#4053=VECTOR('',#4575,1.0);
#4054=CARTESIAN_POINT('',(-3.43,3.06151588455594E-17,5.85));
#4055=VECTOR('',#4576,1.0);
#4056=CARTESIAN_POINT('',(-3.43,7.4700987583165E-16,-5.85));
#4057=VECTOR('',#4577,1.0);
#4058=CARTESIAN_POINT('',(3.03,4.945,4.5));
#4059=VECTOR('',#4578,1.0);
#4060=CARTESIAN_POINT('',(3.43,2.4725,4.5));
#4061=VECTOR('',#4579,1.0);
#4062=CARTESIAN_POINT('',(3.43,7.4700987583165E-16,-5.85));
#4063=VECTOR('',#4580,1.0);
#4064=CARTESIAN_POINT('',(-2.93,3.88037211771478E-32,6.35));
#4065=VECTOR('',#4581,1.0);
#4066=CARTESIAN_POINT('',(-2.93,7.7762503467721E-16,-6.35));
#4067=VECTOR('',#4582,1.0);
#4068=CARTESIAN_POINT('',(2.93,7.7762503467721E-16,-6.35));
#4069=VECTOR('',#4583,1.0);
#4070=CARTESIAN_POINT('',(3.43,3.06151588455594E-17,5.85));
#4071=VECTOR('',#4584,1.0);
#4072=CARTESIAN_POINT('',(2.93,3.88037211771478E-32,6.35));
#4073=VECTOR('',#4585,1.0);
#4074=DIRECTION('',(-0.707106781186549,-0.707106781186546,-8.65927457071938E-17));
#4075=CARTESIAN_POINT('',(0.0,17.43630625,0.0));
#4076=DIRECTION('',(-0.0,1.0,0.0));
#4077=DIRECTION('',(1.0,0.0,0.0));
#4078=CARTESIAN_POINT('',(0.0,17.78,0.0));
#4079=DIRECTION('',(-0.0,1.0,0.0));
#4080=DIRECTION('',(1.0,0.0,0.0));
#4081=DIRECTION('',(-0.707106781186549,0.707106781186546,-8.65927457071938E-17));
#4082=CARTESIAN_POINT('',(0.0,17.43630625,0.0));
#4083=DIRECTION('',(-0.0,1.0,0.0));
#4084=DIRECTION('',(1.0,0.0,0.0));
#4085=CARTESIAN_POINT('',(0.0,17.78,0.0));
#4086=DIRECTION('',(-0.0,1.0,0.0));
#4087=DIRECTION('',(1.0,0.0,0.0));
#4088=DIRECTION('',(-0.0,1.0,-0.0));
#4089=CARTESIAN_POINT('',(0.0,17.28,0.0));
#4090=DIRECTION('',(-0.0,1.0,0.0));
#4091=DIRECTION('',(1.0,0.0,0.0));
#4092=DIRECTION('',(-0.0,-1.0,-0.0));
#4093=CARTESIAN_POINT('',(0.0,17.78,0.0));
#4094=DIRECTION('',(-0.0,1.0,0.0));
#4095=DIRECTION('',(1.0,0.0,0.0));
#4096=DIRECTION('',(0.0,1.0,0.0));
#4097=CARTESIAN_POINT('',(0.0,8.89,0.0));
#4098=DIRECTION('',(0.0,-1.0,-6.12303176911189E-17));
#4099=DIRECTION('',(1.0,0.0,0.0));
#4100=DIRECTION('',(-0.0,-1.0,-0.0));
#4101=DIRECTION('',(0.0,0.998026728428272,0.0627905195293134));
#4102=CARTESIAN_POINT('',(0.0,17.28,0.0314573336268248));
#4103=DIRECTION('',(0.0,-1.0,-0.0));
#4104=DIRECTION('',(0.0,0.0,-1.0));
#4105=DIRECTION('',(-0.0,-0.998026728428272,-0.0627905195293134));
#4106=CARTESIAN_POINT('',(0.0,26.7103659478613,0.624765669316668));
#4107=DIRECTION('',(-0.0,0.998026728428272,0.0627905195293134));
#4108=DIRECTION('',(1.0,0.0,0.0));
#4109=CARTESIAN_POINT('',(0.0,26.7103659478613,0.624765669316668));
#4110=DIRECTION('',(-0.0,0.998026728428272,0.0627905195293134));
#4111=DIRECTION('',(1.0,0.0,0.0));
#4112=CARTESIAN_POINT('',(-1.015,0.25,4.7));
#4113=DIRECTION('',(1.0,3.70074341541719E-17,-0.0));
#4114=DIRECTION('',(0.0,0.0,1.0));
#4115=CARTESIAN_POINT('',(1.015,0.25,4.7));
#4116=DIRECTION('',(-1.0,-0.0,-0.0));
#4117=DIRECTION('',(0.0,0.0,-1.0));
#4118=CARTESIAN_POINT('',(1.38762511778388E-16,-2.50461206896552,4.32));
#4119=DIRECTION('',(0.0,0.0,1.0));
#4120=DIRECTION('',(1.0,0.0,0.0));
#4121=DIRECTION('',(0.0,0.0,1.0));
#4122=CARTESIAN_POINT('',(1.38762511778388E-16,-2.50461206896552,5.08));
#4123=DIRECTION('',(0.0,0.0,-1.0));
#4124=DIRECTION('',(1.0,0.0,0.0));
#4125=DIRECTION('',(0.0,0.0,1.0));
#4126=DIRECTION('',(0.0,1.0,0.0));
#4127=DIRECTION('',(0.0,-1.0,0.0));
#4128=DIRECTION('',(0.0,0.0,1.0));
#4129=CARTESIAN_POINT('',(1.38762511778388E-16,-2.03538793103448,4.32));
#4130=DIRECTION('',(0.0,0.0,1.0));
#4131=DIRECTION('',(1.0,0.0,0.0));
#4132=CARTESIAN_POINT('',(1.38762511778388E-16,-2.03538793103448,5.08));
#4133=DIRECTION('',(0.0,0.0,-1.0));
#4134=DIRECTION('',(1.0,0.0,0.0));
#4135=DIRECTION('',(0.0,0.0,1.0));
#4136=DIRECTION('',(0.0,-1.0,0.0));
#4137=DIRECTION('',(0.0,1.0,-0.0));
#4138=DIRECTION('',(0.0,-1.0,0.0));
#4139=DIRECTION('',(1.0,0.0,0.0));
#4140=DIRECTION('',(-3.70074341541719E-17,1.0,0.0));
#4141=DIRECTION('',(0.0,-1.0,0.0));
#4142=DIRECTION('',(0.0,0.0,1.0));
#4143=DIRECTION('',(-3.70074341541719E-17,1.0,0.0));
#4144=DIRECTION('',(-1.0,-0.0,-0.0));
#4145=DIRECTION('',(0.0,0.0,1.0));
#4146=CARTESIAN_POINT('',(-1.015,0.25,-4.7));
#4147=DIRECTION('',(1.0,3.70074341541719E-17,-0.0));
#4148=DIRECTION('',(0.0,0.0,1.0));
#4149=CARTESIAN_POINT('',(1.015,0.25,-4.7));
#4150=DIRECTION('',(-1.0,-0.0,-0.0));
#4151=DIRECTION('',(0.0,0.0,-1.0));
#4152=CARTESIAN_POINT('',(1.38762511778388E-16,-2.50461206896552,-5.08));
#4153=DIRECTION('',(0.0,0.0,1.0));
#4154=DIRECTION('',(1.0,0.0,0.0));
#4155=DIRECTION('',(0.0,0.0,1.0));
#4156=CARTESIAN_POINT('',(1.38762511778388E-16,-2.50461206896552,-4.32));
#4157=DIRECTION('',(0.0,0.0,-1.0));
#4158=DIRECTION('',(1.0,0.0,0.0));
#4159=DIRECTION('',(0.0,0.0,1.0));
#4160=DIRECTION('',(0.0,1.0,0.0));
#4161=DIRECTION('',(0.0,-1.0,0.0));
#4162=DIRECTION('',(0.0,0.0,1.0));
#4163=CARTESIAN_POINT('',(1.38762511778388E-16,-2.03538793103448,-5.08));
#4164=DIRECTION('',(0.0,0.0,1.0));
#4165=DIRECTION('',(1.0,0.0,0.0));
#4166=CARTESIAN_POINT('',(1.38762511778388E-16,-2.03538793103448,-4.32));
#4167=DIRECTION('',(0.0,0.0,-1.0));
#4168=DIRECTION('',(1.0,0.0,0.0));
#4169=DIRECTION('',(0.0,0.0,1.0));
#4170=DIRECTION('',(0.0,-1.0,0.0));
#4171=DIRECTION('',(0.0,1.0,-0.0));
#4172=DIRECTION('',(0.0,-1.0,0.0));
#4173=DIRECTION('',(1.0,0.0,0.0));
#4174=DIRECTION('',(-3.70074341541719E-17,1.0,0.0));
#4175=DIRECTION('',(0.0,-1.0,0.0));
#4176=DIRECTION('',(0.0,0.0,1.0));
#4177=DIRECTION('',(-3.70074341541719E-17,1.0,0.0));
#4178=DIRECTION('',(-1.0,-0.0,-0.0));
#4179=DIRECTION('',(0.0,0.0,1.0));
#4180=CARTESIAN_POINT('',(-1.015,0.25,0.0));
#4181=DIRECTION('',(1.0,3.70074341541719E-17,0.0));
#4182=DIRECTION('',(0.0,-0.0,1.0));
#4183=CARTESIAN_POINT('',(1.015,0.25,0.0));
#4184=DIRECTION('',(-1.0,-0.0,-0.0));
#4185=DIRECTION('',(0.0,0.0,-1.0));
#4186=CARTESIAN_POINT('',(1.38762511778388E-16,-2.50461206896552,-0.38));
#4187=DIRECTION('',(0.0,0.0,1.0));
#4188=DIRECTION('',(1.0,0.0,0.0));
#4189=DIRECTION('',(0.0,0.0,1.0));
#4190=CARTESIAN_POINT('',(1.38762511778388E-16,-2.50461206896552,0.38));
#4191=DIRECTION('',(0.0,0.0,-1.0));
#4192=DIRECTION('',(1.0,0.0,0.0));
#4193=DIRECTION('',(0.0,0.0,1.0));
#4194=DIRECTION('',(0.0,1.0,0.0));
#4195=DIRECTION('',(0.0,-1.0,0.0));
#4196=DIRECTION('',(0.0,0.0,1.0));
#4197=CARTESIAN_POINT('',(1.38762511778388E-16,-2.03538793103448,-0.38));
#4198=DIRECTION('',(0.0,0.0,1.0));
#4199=DIRECTION('',(1.0,0.0,0.0));
#4200=CARTESIAN_POINT('',(1.38762511778388E-16,-2.03538793103448,0.38));
#4201=DIRECTION('',(0.0,0.0,-1.0));
#4202=DIRECTION('',(1.0,0.0,0.0));
#4203=DIRECTION('',(0.0,0.0,1.0));
#4204=DIRECTION('',(0.0,-1.0,0.0));
#4205=DIRECTION('',(0.0,1.0,-0.0));
#4206=DIRECTION('',(0.0,-1.0,0.0));
#4207=DIRECTION('',(1.0,0.0,0.0));
#4208=DIRECTION('',(-3.70074341541719E-17,1.0,0.0));
#4209=DIRECTION('',(0.0,-1.0,0.0));
#4210=DIRECTION('',(0.0,0.0,1.0));
#4211=DIRECTION('',(-3.70074341541719E-17,1.0,0.0));
#4212=DIRECTION('',(-1.0,-0.0,-0.0));
#4213=DIRECTION('',(0.0,0.0,1.0));
#4214=CARTESIAN_POINT('',(0.0,26.7103659478613,0.624765669316668));
#4215=DIRECTION('',(-0.0,0.998026728428272,0.0627905195293134));
#4216=DIRECTION('',(1.0,0.0,0.0));
#4217=CARTESIAN_POINT('',(0.0,26.7103659478613,0.624765669316668));
#4218=DIRECTION('',(-0.0,0.998026728428272,0.0627905195293134));
#4219=DIRECTION('',(1.0,0.0,0.0));
#4220=CARTESIAN_POINT('',(0.0,17.28,0.0314573336268248));
#4221=DIRECTION('',(0.0,-1.0,-0.0));
#4222=DIRECTION('',(0.0,0.0,-1.0));
#4223=CARTESIAN_POINT('',(0.0,17.28,0.0314573336268248));
#4224=DIRECTION('',(0.0,-1.0,-0.0));
#4225=DIRECTION('',(0.0,0.0,-1.0));
#4226=CARTESIAN_POINT('',(0.0,17.43630625,0.0));
#4227=DIRECTION('',(-0.0,1.0,0.0));
#4228=DIRECTION('',(1.0,0.0,0.0));
#4229=DIRECTION('',(-0.0,-1.0,-0.0));
#4230=CARTESIAN_POINT('',(0.0,8.9,0.0));
#4231=DIRECTION('',(0.0,-1.0,0.0));
#4232=DIRECTION('',(1.0,0.0,0.0));
#4233=DIRECTION('',(0.0,1.0,0.0));
#4234=CARTESIAN_POINT('',(0.0,8.89,0.0));
#4235=DIRECTION('',(0.0,-1.0,-6.12303176911189E-17));
#4236=DIRECTION('',(1.0,0.0,0.0));
#4237=DIRECTION('',(1.0,0.0,0.0));
#4238=DIRECTION('',(0.0,1.0,0.0));
#4239=DIRECTION('',(-1.0,0.0,0.0));
#4240=DIRECTION('',(0.0,-1.0,0.0));
#4241=DIRECTION('',(0.0,-0.0,1.0));
#4242=DIRECTION('',(0.0,0.0,-1.0));
#4243=DIRECTION('',(0.0,0.0,-1.0));
#4244=DIRECTION('',(0.0,0.0,-1.0));
#4245=CARTESIAN_POINT('',(0.0,17.78,0.0));
#4246=DIRECTION('',(-0.0,1.0,0.0));
#4247=DIRECTION('',(1.0,0.0,0.0));
#4248=CARTESIAN_POINT('',(0.0,17.78,0.0));
#4249=DIRECTION('',(-0.0,1.0,0.0));
#4250=DIRECTION('',(1.0,0.0,0.0));
#4251=CARTESIAN_POINT('',(0.0,17.28,0.0));
#4252=DIRECTION('',(-0.0,1.0,0.0));
#4253=DIRECTION('',(1.0,0.0,0.0));
#4254=DIRECTION('',(-4.65213402948114E-33,-1.0,-5.69703289133591E-49));
#4255=DIRECTION('',(7.59776235842708E-17,6.12303176911189E-17,-1.0));
#4256=DIRECTION('',(0.0,1.0,6.12303176911189E-17));
#4257=DIRECTION('',(7.59776235842708E-17,6.12303176911189E-17,-1.0));
#4258=DIRECTION('',(0.0,1.0,6.12303176911189E-17));
#4259=DIRECTION('',(7.59776235842708E-17,6.12303176911189E-17,-1.0));
#4260=DIRECTION('',(4.65213402948114E-33,1.0,5.69703289133591E-49));
#4261=DIRECTION('',(-7.59776235842708E-17,-6.12303176911189E-17,1.0));
#4262=DIRECTION('',(4.65213402948114E-33,1.0,5.69703289133591E-49));
#4263=DIRECTION('',(-7.59776235842708E-17,-0.0,1.0));
#4264=DIRECTION('',(-4.65213402948114E-33,-1.0,-5.69703289133591E-49));
#4265=DIRECTION('',(-7.59776235842708E-17,-6.12303176911189E-17,1.0));
#4266=CARTESIAN_POINT('',(-2.925,8.79,5.845));
#4267=DIRECTION('',(0.0,-1.0,-6.12303176911189E-17));
#4268=DIRECTION('',(1.0,0.0,0.0));
#4269=DIRECTION('',(0.0,1.0,6.12303176911189E-17));
#4270=CARTESIAN_POINT('',(-2.925,8.89,5.845));
#4271=DIRECTION('',(0.0,-1.0,-6.12303176911189E-17));
#4272=DIRECTION('',(1.0,0.0,0.0));
#4273=DIRECTION('',(-1.0,0.0,0.0));
#4274=DIRECTION('',(0.0,1.0,6.12303176911189E-17));
#4275=DIRECTION('',(-1.0,0.0,0.0));
#4276=CARTESIAN_POINT('',(2.925,8.79,5.845));
#4277=DIRECTION('',(0.0,-1.0,-6.12303176911189E-17));
#4278=DIRECTION('',(1.0,0.0,0.0));
#4279=DIRECTION('',(0.0,1.0,6.12303176911189E-17));
#4280=CARTESIAN_POINT('',(2.925,8.89,5.845));
#4281=DIRECTION('',(0.0,-1.0,-6.12303176911189E-17));
#4282=DIRECTION('',(1.0,0.0,0.0));
#4283=DIRECTION('',(-7.59776235842708E-17,-6.12303176911189E-17,1.0));
#4284=DIRECTION('',(4.65213402948114E-33,1.0,-0.0));
#4285=DIRECTION('',(7.59776235842708E-17,6.12303176911189E-17,-1.0));
#4286=DIRECTION('',(4.65213402948114E-33,1.0,-0.0));
#4287=DIRECTION('',(7.59776235842708E-17,0.0,-1.0));
#4288=DIRECTION('',(-4.65213402948114E-33,-1.0,0.0));
#4289=DIRECTION('',(7.59776235842708E-17,6.12303176911189E-17,-1.0));
#4290=DIRECTION('',(-4.65213402948114E-33,-1.0,0.0));
#4291=DIRECTION('',(-7.59776235842708E-17,-6.12303176911189E-17,1.0));
#4292=DIRECTION('',(0.0,1.0,6.12303176911189E-17));
#4293=DIRECTION('',(-7.59776235842708E-17,-6.12303176911189E-17,1.0));
#4294=DIRECTION('',(1.0,0.0,0.0));
#4295=DIRECTION('',(0.0,-6.12303176911189E-17,1.0));
#4296=DIRECTION('',(-1.0,0.0,0.0));
#4297=DIRECTION('',(-1.0,0.0,0.0));
#4298=DIRECTION('',(0.0,-6.12303176911189E-17,1.0));
#4299=DIRECTION('',(1.0,0.0,0.0));
#4300=DIRECTION('',(1.0,-0.0,1.22460635382238E-16));
#4301=DIRECTION('',(6.12303176911189E-17,1.0,7.49830360911069E-33));
#4302=CARTESIAN_POINT('',(-3.17,0.25,3.05));
#4303=DIRECTION('',(1.22460635382238E-16,0.0,-1.0));
#4304=DIRECTION('',(-6.12303176911189E-17,-1.0,-7.49830360911069E-33));
#4305=DIRECTION('',(1.0,-6.12303176911189E-17,1.22460635382238E-16));
#4306=DIRECTION('',(6.12303176911189E-17,1.0,7.49830360911069E-33));
#4307=DIRECTION('',(-1.0,6.12303176911189E-17,-1.22460635382238E-16));
#4308=CARTESIAN_POINT('',(-3.07,0.35,3.05));
#4309=DIRECTION('',(1.22460635382238E-16,0.0,-1.0));
#4310=DIRECTION('',(-6.12303176911189E-17,-1.0,-7.49830360911069E-33));
#4311=DIRECTION('',(-1.22460635382238E-16,0.0,1.0));
#4312=DIRECTION('',(-6.12303176911189E-17,-1.0,-7.49830360911069E-33));
#4313=DIRECTION('',(1.22460635382238E-16,0.0,-1.0));
#4314=CARTESIAN_POINT('',(-3.17,0.25,2.45));
#4315=DIRECTION('',(-1.22460635382238E-16,0.0,1.0));
#4316=DIRECTION('',(-6.12303176911189E-17,-1.0,-7.49830360911069E-33));
#4317=DIRECTION('',(1.22460635382238E-16,0.0,-1.0));
#4318=DIRECTION('',(1.0,-6.12303176911189E-17,1.22460635382238E-16));
#4319=DIRECTION('',(1.22460635382238E-16,0.0,-1.0));
#4320=DIRECTION('',(6.12303176911189E-17,1.0,7.49830360911069E-33));
#4321=DIRECTION('',(1.22460635382238E-16,0.0,-1.0));
#4322=DIRECTION('',(-1.0,6.12303176911189E-17,-1.22460635382238E-16));
#4323=DIRECTION('',(1.22460635382238E-16,0.0,-1.0));
#4324=CARTESIAN_POINT('',(-3.07,0.35,2.45));
#4325=DIRECTION('',(1.22460635382238E-16,0.0,-1.0));
#4326=DIRECTION('',(-6.12303176911189E-17,-1.0,-7.49830360911069E-33));
#4327=DIRECTION('',(1.22460635382238E-16,0.0,-1.0));
#4328=DIRECTION('',(-1.0,0.0,-1.22460635382238E-16));
#4329=DIRECTION('',(-1.0,0.0,0.0));
#4330=DIRECTION('',(-6.12303176911189E-17,1.0,0.0));
#4331=CARTESIAN_POINT('',(3.17,0.25,-3.05));
#4332=DIRECTION('',(0.0,0.0,1.0));
#4333=DIRECTION('',(6.12303176911189E-17,-1.0,0.0));
#4334=DIRECTION('',(-1.0,-6.12303176911189E-17,0.0));
#4335=DIRECTION('',(-6.12303176911189E-17,1.0,0.0));
#4336=DIRECTION('',(1.0,6.12303176911189E-17,0.0));
#4337=CARTESIAN_POINT('',(3.07,0.35,-3.05));
#4338=DIRECTION('',(0.0,0.0,1.0));
#4339=DIRECTION('',(6.12303176911189E-17,-1.0,0.0));
#4340=DIRECTION('',(0.0,0.0,-1.0));
#4341=DIRECTION('',(6.12303176911189E-17,-1.0,0.0));
#4342=DIRECTION('',(0.0,0.0,1.0));
#4343=CARTESIAN_POINT('',(3.17,0.25,-2.45));
#4344=DIRECTION('',(0.0,0.0,-1.0));
#4345=DIRECTION('',(6.12303176911189E-17,-1.0,0.0));
#4346=DIRECTION('',(0.0,0.0,1.0));
#4347=DIRECTION('',(-1.0,-6.12303176911189E-17,0.0));
#4348=DIRECTION('',(0.0,0.0,1.0));
#4349=DIRECTION('',(-6.12303176911189E-17,1.0,0.0));
#4350=DIRECTION('',(0.0,0.0,1.0));
#4351=DIRECTION('',(1.0,6.12303176911189E-17,0.0));
#4352=DIRECTION('',(0.0,0.0,1.0));
#4353=CARTESIAN_POINT('',(3.07,0.35,-2.45));
#4354=DIRECTION('',(0.0,0.0,1.0));
#4355=DIRECTION('',(6.12303176911189E-17,-1.0,0.0));
#4356=DIRECTION('',(-0.0,0.0,1.0));
#4357=DIRECTION('',(1.0,0.0,0.0));
#4358=DIRECTION('',(1.0,-0.0,1.22460635382238E-16));
#4359=DIRECTION('',(6.12303176911189E-17,1.0,7.49830360911069E-33));
#4360=CARTESIAN_POINT('',(-3.17,0.25,-2.45));
#4361=DIRECTION('',(1.22460635382238E-16,0.0,-1.0));
#4362=DIRECTION('',(-6.12303176911189E-17,-1.0,-7.49830360911069E-33));
#4363=DIRECTION('',(1.0,-6.12303176911189E-17,1.22460635382238E-16));
#4364=DIRECTION('',(6.12303176911189E-17,1.0,7.49830360911069E-33));
#4365=DIRECTION('',(-1.0,6.12303176911189E-17,-1.22460635382238E-16));
#4366=CARTESIAN_POINT('',(-3.07,0.35,-2.45));
#4367=DIRECTION('',(1.22460635382238E-16,0.0,-1.0));
#4368=DIRECTION('',(-6.12303176911189E-17,-1.0,-7.49830360911069E-33));
#4369=DIRECTION('',(-1.22460635382238E-16,0.0,1.0));
#4370=DIRECTION('',(-6.12303176911189E-17,-1.0,-7.49830360911069E-33));
#4371=DIRECTION('',(1.22460635382238E-16,0.0,-1.0));
#4372=CARTESIAN_POINT('',(-3.17,0.25,-3.05));
#4373=DIRECTION('',(-1.22460635382238E-16,0.0,1.0));
#4374=DIRECTION('',(-6.12303176911189E-17,-1.0,-7.49830360911069E-33));
#4375=DIRECTION('',(1.22460635382238E-16,0.0,-1.0));
#4376=DIRECTION('',(1.0,-6.12303176911189E-17,1.22460635382238E-16));
#4377=DIRECTION('',(1.22460635382238E-16,0.0,-1.0));
#4378=DIRECTION('',(6.12303176911189E-17,1.0,7.49830360911069E-33));
#4379=DIRECTION('',(1.22460635382238E-16,0.0,-1.0));
#4380=DIRECTION('',(-1.0,6.12303176911189E-17,-1.22460635382238E-16));
#4381=DIRECTION('',(1.22460635382238E-16,0.0,-1.0));
#4382=CARTESIAN_POINT('',(-3.07,0.35,-3.05));
#4383=DIRECTION('',(1.22460635382238E-16,0.0,-1.0));
#4384=DIRECTION('',(-6.12303176911189E-17,-1.0,-7.49830360911069E-33));
#4385=DIRECTION('',(1.22460635382238E-16,0.0,-1.0));
#4386=DIRECTION('',(-1.0,0.0,-1.22460635382238E-16));
#4387=DIRECTION('',(-1.0,0.0,0.0));
#4388=DIRECTION('',(-6.12303176911189E-17,1.0,0.0));
#4389=CARTESIAN_POINT('',(3.17,0.25,2.45));
#4390=DIRECTION('',(0.0,0.0,1.0));
#4391=DIRECTION('',(6.12303176911189E-17,-1.0,0.0));
#4392=DIRECTION('',(-1.0,-6.12303176911189E-17,0.0));
#4393=DIRECTION('',(-6.12303176911189E-17,1.0,0.0));
#4394=DIRECTION('',(1.0,6.12303176911189E-17,0.0));
#4395=CARTESIAN_POINT('',(3.07,0.35,2.45));
#4396=DIRECTION('',(0.0,0.0,1.0));
#4397=DIRECTION('',(6.12303176911189E-17,-1.0,0.0));
#4398=DIRECTION('',(0.0,0.0,-1.0));
#4399=DIRECTION('',(6.12303176911189E-17,-1.0,0.0));
#4400=DIRECTION('',(0.0,0.0,1.0));
#4401=CARTESIAN_POINT('',(3.17,0.25,3.05));
#4402=DIRECTION('',(0.0,0.0,-1.0));
#4403=DIRECTION('',(6.12303176911189E-17,-1.0,0.0));
#4404=DIRECTION('',(0.0,0.0,1.0));
#4405=DIRECTION('',(-1.0,-6.12303176911189E-17,0.0));
#4406=DIRECTION('',(0.0,0.0,1.0));
#4407=DIRECTION('',(-6.12303176911189E-17,1.0,0.0));
#4408=DIRECTION('',(0.0,0.0,1.0));
#4409=DIRECTION('',(1.0,6.12303176911189E-17,0.0));
#4410=DIRECTION('',(0.0,0.0,1.0));
#4411=CARTESIAN_POINT('',(3.07,0.35,3.05));
#4412=DIRECTION('',(0.0,0.0,1.0));
#4413=DIRECTION('',(6.12303176911189E-17,-1.0,0.0));
#4414=DIRECTION('',(-0.0,0.0,1.0));
#4415=DIRECTION('',(1.0,0.0,0.0));
#4416=DIRECTION('',(1.22460635382238E-16,6.12303176911189E-17,-1.0));
#4417=DIRECTION('',(0.0,1.0,0.0));
#4418=DIRECTION('',(-1.22460635382238E-16,0.0,1.0));
#4419=DIRECTION('',(0.0,-1.0,-0.0));
#4420=DIRECTION('',(1.0,-7.49830360911069E-33,1.22460635382238E-16));
#4421=DIRECTION('',(-1.0,0.0,-1.22460635382238E-16));
#4422=DIRECTION('',(0.0,-1.0,-0.0));
#4423=DIRECTION('',(1.0,0.0,1.22460635382238E-16));
#4424=DIRECTION('',(-1.0,7.49830360911069E-33,-1.22460635382238E-16));
#4425=DIRECTION('',(-1.0,0.0,-1.22460635382238E-16));
#4426=DIRECTION('',(0.0,1.0,0.0));
#4427=DIRECTION('',(1.0,0.0,1.22460635382238E-16));
#4428=DIRECTION('',(-1.22460635382238E-16,0.0,1.0));
#4429=DIRECTION('',(-1.22460635382238E-16,0.0,1.0));
#4430=DIRECTION('',(0.0,1.0,0.0));
#4431=DIRECTION('',(0.0,0.0,-1.0));
#4432=DIRECTION('',(0.0,-1.0,0.0));
#4433=DIRECTION('',(1.0,0.0,0.0));
#4434=DIRECTION('',(0.0,-1.0,0.0));
#4435=DIRECTION('',(-1.0,0.0,0.0));
#4436=DIRECTION('',(1.0,0.0,0.0));
#4437=DIRECTION('',(0.0,1.0,0.0));
#4438=DIRECTION('',(-1.0,0.0,0.0));
#4439=DIRECTION('',(0.0,0.0,-1.0));
#4440=DIRECTION('',(0.0,0.0,-1.0));
#4441=CARTESIAN_POINT('',(-2.925,8.79,-5.845));
#4442=DIRECTION('',(0.0,-1.0,-6.12303176911189E-17));
#4443=DIRECTION('',(1.0,0.0,0.0));
#4444=CARTESIAN_POINT('',(-2.925,8.89,-5.845));
#4445=DIRECTION('',(0.0,-1.0,-6.12303176911189E-17));
#4446=DIRECTION('',(1.0,0.0,0.0));
#4447=DIRECTION('',(0.0,1.0,6.12303176911189E-17));
#4448=DIRECTION('',(1.0,-0.0,0.0));
#4449=DIRECTION('',(1.0,0.0,0.0));
#4450=DIRECTION('',(0.0,1.0,6.12303176911189E-17));
#4451=CARTESIAN_POINT('',(2.925,8.79,-5.845));
#4452=DIRECTION('',(0.0,-1.0,-6.12303176911189E-17));
#4453=DIRECTION('',(1.0,0.0,0.0));
#4454=CARTESIAN_POINT('',(2.925,8.89,-5.845));
#4455=DIRECTION('',(0.0,-1.0,-6.12303176911189E-17));
#4456=DIRECTION('',(1.0,0.0,0.0));
#4457=DIRECTION('',(1.0,-7.49830360911069E-33,1.22460635382238E-16));
#4458=DIRECTION('',(-1.0,7.49830360911069E-33,-1.22460635382238E-16));
#4459=DIRECTION('',(1.22460635382238E-16,6.12303176911189E-17,-1.0));
#4460=DIRECTION('',(0.0,-1.0,-0.0));
#4461=DIRECTION('',(1.22460635382238E-16,6.12303176911189E-17,-1.0));
#4462=DIRECTION('',(-3.66176758509128E-33,1.0,2.99015889772397E-17));
#4463=DIRECTION('',(-1.22460635382238E-16,-6.12303176911189E-17,1.0));
#4464=DIRECTION('',(1.1313630382575E-32,-1.0,-9.23858540114678E-17));
#4465=DIRECTION('',(1.22460635382238E-16,6.12303176911189E-17,-1.0));
#4466=DIRECTION('',(-3.68748502571977E-33,1.0,3.0111594752142E-17));
#4467=DIRECTION('',(-1.22460635382238E-16,-6.12303176911189E-17,1.0));
#4468=DIRECTION('',(1.13303498246301E-32,-1.0,-9.25223831255207E-17));
#4469=DIRECTION('',(1.22460635382238E-16,6.12303176911189E-17,-1.0));
#4470=DIRECTION('',(0.0,1.0,0.0));
#4471=DIRECTION('',(1.0,-7.49830360911069E-33,1.22460635382238E-16));
#4472=DIRECTION('',(4.64815784654996E-33,1.0,5.69216363245442E-49));
#4473=DIRECTION('',(-1.0,7.49830360911069E-33,-1.22460635382238E-16));
#4474=DIRECTION('',(1.0,0.0,0.0));
#4475=DIRECTION('',(-7.59126854444551E-17,-6.12303176911189E-17,1.0));
#4476=CARTESIAN_POINT('',(2.93,8.79,-5.85));
#4477=DIRECTION('',(0.0,-1.0,-6.12303176911189E-17));
#4478=DIRECTION('',(1.0,0.0,0.0));
#4479=DIRECTION('',(1.0,0.0,0.0));
#4480=CARTESIAN_POINT('',(-2.93,8.79,-5.85));
#4481=DIRECTION('',(0.0,-1.0,-6.12303176911189E-17));
#4482=DIRECTION('',(1.0,0.0,0.0));
#4483=DIRECTION('',(7.59126854444551E-17,6.12303176911189E-17,-1.0));
#4484=DIRECTION('',(0.0,1.0,0.0));
#4485=DIRECTION('',(-1.0,0.0,0.0));
#4486=DIRECTION('',(-4.64815784654996E-33,-1.0,0.0));
#4487=DIRECTION('',(0.89045489724794,-2.66586633370379E-17,-0.455071506432958));
#4488=DIRECTION('',(-6.12303176911189E-17,-1.0,-6.12303176911189E-17));
#4489=DIRECTION('',(0.89045489724794,2.7864172911066E-17,-0.455071506432958));
#4490=DIRECTION('',(0.890238792395649,-8.23996536968784E-17,0.455494119077224));
#4491=CARTESIAN_POINT('',(-2.23,0.22,-2.75));
#4492=DIRECTION('',(-6.12303176911189E-17,-1.0,-6.12303176911189E-17));
#4493=DIRECTION('',(-1.22460635382238E-16,-6.12303176911189E-17,1.0));
#4494=DIRECTION('',(0.891258796463707,-2.68044134484215E-17,-0.453495047079971));
#4495=DIRECTION('',(0.891475327917784,-8.23268912786073E-17,0.453069243840144));
#4496=CARTESIAN_POINT('',(-2.23,0.22,2.75));
#4497=DIRECTION('',(-6.12303176911189E-17,-1.0,-6.12303176911189E-17));
#4498=DIRECTION('',(-1.22460635382238E-16,-6.12303176911189E-17,1.0));
#4499=DIRECTION('',(-6.12303176911189E-17,-1.0,-6.12303176911189E-17));
#4500=DIRECTION('',(0.891258796463707,2.77676458040555E-17,-0.453495047079971));
#4501=CARTESIAN_POINT('',(-2.23,3.60822483003176E-16,2.75));
#4502=DIRECTION('',(0.0,1.0,6.12303176911189E-17));
#4503=DIRECTION('',(-1.22460635382238E-16,-6.12303176911189E-17,1.0));
#4504=DIRECTION('',(-6.12303176911189E-17,-1.0,-6.12303176911189E-17));
#4505=DIRECTION('',(-0.891475327917784,2.7741573736407E-17,-0.453069243840144));
#4506=CARTESIAN_POINT('',(-2.23,6.93889390390723E-16,-2.75));
#4507=DIRECTION('',(0.0,1.0,6.12303176911189E-17));
#4508=DIRECTION('',(-1.22460635382238E-16,-6.12303176911189E-17,1.0));
#4509=DIRECTION('',(-6.12303176911189E-17,-1.0,-6.12303176911189E-17));
#4510=DIRECTION('',(-0.890238792395649,2.78900496175347E-17,-0.455494119077224));
#4511=CARTESIAN_POINT('',(2.23,3.60822483003176E-16,-2.75));
#4512=DIRECTION('',(2.6376577071555E-65,1.0,6.12303176911189E-17));
#4513=DIRECTION('',(3.74915180455534E-33,6.12303176911189E-17,-1.0));
#4514=DIRECTION('',(6.12303176911189E-17,-1.0,6.12303176911189E-17));
#4515=CARTESIAN_POINT('',(2.23,0.22,-2.75));
#4516=DIRECTION('',(6.12303176911189E-17,-1.0,6.12303176911189E-17));
#4517=DIRECTION('',(3.74915180455534E-33,-6.12303176911189E-17,-1.0));
#4518=DIRECTION('',(6.12303176911189E-17,-1.0,6.12303176911189E-17));
#4519=DIRECTION('',(0.891475327917784,-2.7741573736407E-17,0.453069243840144));
#4520=DIRECTION('',(-0.891475327917784,-8.23268912786073E-17,-0.453069243840144));
#4521=DIRECTION('',(0.0,1.0,-3.0111594752142E-17));
#4522=CARTESIAN_POINT('',(2.23,6.93889390390723E-16,2.75));
#4523=DIRECTION('',(2.6376577071555E-65,1.0,6.12303176911189E-17));
#4524=DIRECTION('',(3.74915180455534E-33,6.12303176911189E-17,-1.0));
#4525=DIRECTION('',(6.12303176911189E-17,-1.0,6.12303176911189E-17));
#4526=CARTESIAN_POINT('',(2.23,0.22,2.75));
#4527=DIRECTION('',(6.12303176911189E-17,-1.0,6.12303176911189E-17));
#4528=DIRECTION('',(3.74915180455534E-33,-6.12303176911189E-17,-1.0));
#4529=DIRECTION('',(6.12303176911189E-17,-1.0,6.12303176911189E-17));
#4530=DIRECTION('',(0.0,-6.12303176911189E-17,-1.0));
#4531=DIRECTION('',(-0.890238792395649,-8.23996536968784E-17,-0.455494119077224));
#4532=DIRECTION('',(-0.891258796463707,-2.68044134484215E-17,0.453495047079971));
#4533=DIRECTION('',(0.890238792395649,-2.78900496175347E-17,0.455494119077224));
#4534=DIRECTION('',(0.0,1.0,-2.99015889772397E-17));
#4535=DIRECTION('',(-0.890454897247939,-2.7864172911066E-17,0.455071506432958));
#4536=DIRECTION('',(0.0,-1.0,9.25223831255207E-17));
#4537=DIRECTION('',(-0.890454897247939,-2.66586633370379E-17,0.455071506432958));
#4538=DIRECTION('',(-0.891258796463707,-2.77676458040555E-17,0.453495047079971));
#4539=DIRECTION('',(0.0,-1.0,9.23858540114678E-17));
#4540=DIRECTION('',(0.0,-6.12303176911189E-17,-1.0));
#4541=DIRECTION('',(-7.59126854444551E-17,-6.12303176911189E-17,1.0));
#4542=CARTESIAN_POINT('',(-2.93,7.4700987583165E-16,-5.85));
#4543=DIRECTION('',(-0.0,1.0,6.12303176911189E-17));
#4544=DIRECTION('',(1.0,0.0,0.0));
#4545=DIRECTION('',(-1.0,0.0,0.0));
#4546=CARTESIAN_POINT('',(2.93,7.4700987583165E-16,-5.85));
#4547=DIRECTION('',(-0.0,1.0,6.12303176911189E-17));
#4548=DIRECTION('',(1.0,0.0,0.0));
#4549=DIRECTION('',(7.59126854444551E-17,6.12303176911189E-17,-1.0));
#4550=DIRECTION('',(0.0,-6.12303176911189E-17,1.0));
#4551=DIRECTION('',(0.0,-6.12303176911189E-17,1.0));
#4552=DIRECTION('',(0.0,-6.12303176911189E-17,1.0));
#4553=DIRECTION('',(1.0,0.0,0.0));
#4554=DIRECTION('',(7.59126854444551E-17,6.12303176911189E-17,-1.0));
#4555=CARTESIAN_POINT('',(2.93,3.06151588455595E-17,5.85));
#4556=DIRECTION('',(-0.0,1.0,6.12303176911189E-17));
#4557=DIRECTION('',(1.0,0.0,0.0));
#4558=DIRECTION('',(1.0,0.0,0.0));
#4559=CARTESIAN_POINT('',(-2.93,3.06151588455594E-17,5.85));
#4560=DIRECTION('',(-0.0,1.0,6.12303176911189E-17));
#4561=DIRECTION('',(1.0,0.0,0.0));
#4562=DIRECTION('',(-7.59126854444551E-17,-6.12303176911189E-17,1.0));
#4563=DIRECTION('',(1.0,-7.49830360911069E-33,1.22460635382238E-16));
#4564=DIRECTION('',(-4.64815784654996E-33,-1.0,-5.69216363245442E-49));
#4565=DIRECTION('',(-1.0,7.49830360911069E-33,-1.22460635382238E-16));
#4566=DIRECTION('',(7.59126854444551E-17,6.12303176911189E-17,-1.0));
#4567=CARTESIAN_POINT('',(-2.93,8.79,5.85));
#4568=DIRECTION('',(0.0,-1.0,-6.12303176911189E-17));
#4569=DIRECTION('',(1.0,0.0,0.0));
#4570=DIRECTION('',(-1.0,0.0,0.0));
#4571=CARTESIAN_POINT('',(2.93,8.79,5.85));
#4572=DIRECTION('',(0.0,-1.0,-6.12303176911189E-17));
#4573=DIRECTION('',(1.0,0.0,0.0));
#4574=DIRECTION('',(-7.59126854444551E-17,-6.12303176911189E-17,1.0));
#4575=DIRECTION('',(-1.0,0.0,0.0));
#4576=DIRECTION('',(0.0,1.0,6.12303176911189E-17));
#4577=DIRECTION('',(0.0,1.0,6.12303176911189E-17));
#4578=DIRECTION('',(0.0,-1.0,0.0));
#4579=DIRECTION('',(4.64815784654996E-33,1.0,-0.0));
#4580=DIRECTION('',(0.0,1.0,6.12303176911189E-17));
#4581=DIRECTION('',(0.0,1.0,6.12303176911189E-17));
#4582=DIRECTION('',(0.0,1.0,6.12303176911189E-17));
#4583=DIRECTION('',(0.0,1.0,6.12303176911189E-17));
#4584=DIRECTION('',(0.0,1.0,6.12303176911189E-17));
#4585=DIRECTION('',(0.0,1.0,6.12303176911189E-17));
ENDSEC;
END-ISO-10303-21;
